ray_id,x,y,z
0,0.461336,0.999,-0.152267
1,0.999,-0.814526,0.702275
2,-0.0514023,-0.128685,-0.999
3,-0.436277,0.999,-0.275436
4,0.358986,-0.115879,0.999
5,-0.999,-0.712981,0.80444
6,-0.0368991,-0.343438,-0.999
7,0.999,-0.424789,0.75413
8,0.703642,-0.999,0.429346
9,-0.442122,-0.999,-0.144754
10,-0.441256,-0.999,-0.400946
11,-0.999,0.593888,0.312458
12,-0.736524,0.280711,-0.999
13,-0.999,-0.995835,0.948465
14,-0.999,-0.0758806,-0.411035
15,0.999,-0.556656,0.563596
16,-0.999,0.169525,-0.0972621
17,0.185891,-0.999,-0.106225
18,0.00649939,-0.999,0.528789
19,-0.999,0.052559,0.193518
20,0.528611,-0.999,0.483625
21,0.767622,0.188219,-0.999
22,-0.999,-0.260226,-0.636608
23,-0.999,0.393804,0.34962
24,0.999,-0.964102,0.482168
25,0.999,0.162045,-0.575476
26,0.00723895,0.999,0.490067
27,-0.423211,0.999,-0.426324
28,0.273917,-0.244582,0.999
29,-0.999,0.30541,-0.379554
30,-0.795452,-0.999,0.261671
31,0.999,0.425699,-0.816203
32,0.999,-0.521765,0.323176
33,0.0164443,-0.40599,-0.999
34,-0.0956483,0.999,0.443742
35,-0.140675,0.458287,0.999
36,-0.335457,-0.266601,0.999
37,-0.999,0.224029,-0.413751
38,0.376653,-0.718371,-0.999
39,0.396453,-0.999,-0.837334
40,-0.188365,0.73205,-0.999
41,-0.999,-0.345315,-0.392739
42,-0.999,-0.00332866,-0.983387
43,0.659857,0.999,0.119202
44,0.999,0.266112,-0.339951
45,0.999,0.89989,-0.636914
46,0.162679,0.449435,-0.999
47,0.87764,-0.999,0.505122
48,-0.377665,0.161366,-0.999
49,-0.999,0.244812,-0.474881
50,0.999,0.258947,0.853218
51,0.20166,-0.529265,0.999
52,0.999,0.921373,-0.951654
53,0.290076,-0.999,0.503628
54,0.285554,-0.0868372,0.999
55,-0.0720585,-0.999,-0.199806
56,0.999,0.0457209,0.214513
57,0.999,-0.254016,0.668411
58,-0.635056,-0.999,-0.192519
59,0.593836,-0.864525,-0.999
60,-0.999,0.698285,-0.173421
61,-0.999,-0.14391,-0.038856
62,0.162544,-0.999,0.494303
63,-0.999,-0.498228,0.263581
0,0.999,-0.168618,-0.330057
1,0.771292,-0.999,0.862188
2,-0.154156,-0.385928,0.999
3,-0.999,-0.293123,-0.631332
4,0.999,-0.322795,-0.78662
5,-0.7559,-0.886308,0.999
6,-0.10744,-0.999,0.912733
7,0.672969,-0.563283,0.999
8,0.999,-0.577824,0.610177
9,-0.999,0.262817,-0.327408
10,-0.999,0.26726,-0.908648
11,-0.315181,0.999,0.526123
12,-0.999,0.381129,-0.641271
13,-0.994818,-0.999,0.952432
14,0.433884,-0.184609,-0.999
15,0.22468,-0.987686,0.999
16,0.999,0.508407,-0.291689
17,0.557487,0.999,-0.318567
18,0.0122911,-0.107887,0.999
19,0.999,0.157624,0.580361
20,0.999,-0.107249,0.914898
21,0.999,0.245197,-0.696276
22,-0.428175,-0.408769,-0.999
23,0.540334,0.999,0.887802
24,0.961765,-0.999,0.500121
25,0.261308,0.281585,-0.999
26,0.0147714,-0.0415388,0.999
27,-0.992697,-0.346634,-0.999
28,0.821478,-0.733502,-0.999
29,0.635674,0.804656,-0.999
30,-0.999,-0.741853,0.328959
31,0.773814,0.52156,-0.999
32,0.0824267,-0.999,0.61939
33,0.0405042,-0.999,0.464114
34,-0.215549,-0.254561,0.999
35,-0.306957,0.999,-0.183037
36,-0.999,-0.794739,-0.982006
37,0.417913,0.541459,-0.999
38,0.524315,-0.999,-0.606962
39,0.473471,-0.804734,-0.999
40,-0.257311,0.999,-0.632973
41,0.547223,-0.879248,-0.999
42,-0.982106,-0.0033849,-0.999
43,0.999,0.483521,0.180649
44,-0.942599,0.782795,-0.999
45,0.887753,0.999,-0.70777
46,0.361962,0.999,0.226015
47,0.999,-0.85958,0.575546
48,-0.999,0.427271,0.648848
49,0.10679,0.515523,-0.999
50,0.826967,0.303495,0.999
51,0.381019,-0.999,0.109587
52,0.948198,0.968181,-0.999
53,0.575973,-0.0134072,0.999
54,0.856377,-0.260425,-0.999
55,-0.216104,0.999,-0.599218
56,-0.999,0.137117,0.643326
57,0.502916,-0.380029,0.999
58,-0.999,-0.424337,-0.303153
59,0.686892,-0.999,-0.842296
60,-0.56692,0.999,-0.248353
61,0.999,-0.431585,-0.116529
62,0.328836,0.0240522,0.999
63,0.00811529,-0.999,0.529037
0,0.615454,-0.999,-0.456649
1,0.575056,-0.839161,0.999
2,-0.256909,-0.64317,-0.999
3,-0.690606,-0.999,-0.826032
4,0.9224,-0.347522,-0.999
5,-0.596439,-0.999,0.870723
6,-0.110661,-0.969029,0.999
7,-0.355111,-0.999,0.223694
8,0.360131,0.330122,0.999
9,-0.673075,0.999,-0.434118
10,-0.898464,0.4951,-0.999
11,0.999,0.217929,0.937062
12,0.209835,0.841851,0.999
13,-0.944665,-0.949056,0.999
14,0.999,-0.227566,-0.766307
15,0.202559,-0.999,0.986532
16,-0.999,0.847288,-0.486116
17,0.929083,-0.999,-0.53091
18,0.0194917,0.999,0.413161
19,-0.999,0.26269,0.967204
20,0.905982,0.068718,0.999
21,-0.303099,0.564468,0.999
22,0.999,-0.780417,-0.0898125
23,0.861249,0.872622,0.999
24,-0.0749659,0.000514209,0.999
25,-0.999,0.485974,-0.273148
26,0.0217096,-0.999,0.52929
27,-0.999,-0.363889,-0.991644
28,0.999,-0.892906,-0.347262
29,0.999,0.915925,-0.860719
30,0.386561,0.999,0.784751
31,-0.350078,0.999,-0.081676
32,-0.999,-0.434228,0.969204
33,0.0493165,-0.781435,0.999
34,-0.286849,-0.999,0.668217
35,-0.421883,0.624596,-0.999
36,-0.992964,-0.799536,-0.999
37,0.999,0.671864,-0.758161
38,0.999,-0.0917509,0.655964
39,0.999,0.523365,0.113062
40,-0.564905,-0.196418,0.999
41,0.89691,-0.999,-0.861664
42,0.999,-0.00998265,0.950177
43,0.0200874,-0.999,0.357488
44,-0.999,0.79807,-0.979487
45,0.428931,0.586111,-0.999
46,0.487873,0.651144,0.999
47,0.261518,-0.0192792,0.999
48,-0.866382,0.483935,0.999
49,0.999,0.734192,-0.574832
50,-0.999,0.776583,-0.559802
51,0.604779,-0.411734,-0.999
52,0.913663,0.999,-0.966135
53,0.869938,0.999,0.48862
54,0.999,-0.304101,-0.496039
55,-0.360149,-0.999,-0.99863
56,0.663712,0.213138,0.999
57,-0.999,-0.761794,-0.00556594
58,-0.0944656,0.999,-0.577365
59,0.999,-0.543167,-0.315032
60,0.999,-0.0951574,-0.520091
61,-0.999,-0.719261,-0.194202
62,0.487471,0.999,0.516586
63,0.999,-0.504816,0.790479
0,-0.306756,0.999,-0.761031
1,-0.999,0.443764,-0.107123
2,-0.359662,-0.900412,0.999
3,-0.415048,-0.367388,-0.999
4,0.204785,-0.579164,0.999
5,0.999,0.139231,-0.413516
6,-0.184422,-0.282497,-0.999
7,-0.999,-0.725058,-0.262636
8,-0.111224,0.999,0.71139
9,0.210728,-0.999,-0.723482
10,-0.675674,0.999,-0.796562
11,0.79757,0.0983027,0.999
12,0.624785,0.999,0.435611
13,0.999,0.98751,-0.845447
14,-0.999,-0.379251,0.0553522
15,-0.999,-0.329588,0.308775
16,-0.0981786,0.999,-0.573732
17,0.999,-0.617502,-0.571435
18,0.032484,-0.999,-0.643888
19,-0.829528,0.271597,0.999
20,0.413697,0.999,0.548609
21,-0.999,0.735347,0.0911308
22,0.155181,-0.999,0.44737
23,0.999,0.817982,0.95049
24,-0.999,0.892341,0.552978
25,0.999,0.809903,0.877229
26,0.0361803,0.999,-0.450353
27,-0.729791,-0.999,-0.720455
28,0.879061,-0.999,0.0906043
29,0.723715,0.999,-0.756234
30,0.999,0.227818,0.986547
31,-0.999,0.722329,0.448792
32,-0.90371,-0.384509,0.999
33,0.0821886,0.030139,-0.999
34,-0.47805,0.999,-0.218823
35,-0.703092,-0.29152,0.999
36,-0.740725,-0.999,-0.247074
37,-0.465703,0.999,-0.152139
38,0.869418,0.155395,0.999
39,0.810036,0.999,0.512165
40,-0.771676,-0.999,-0.0987149
41,0.999,-0.963402,-0.821177
42,0.948335,-0.0101513,0.999
43,-0.999,0.546921,0.541765
44,-0.240187,0.999,-0.721527
45,-0.999,-0.699769,-0.0888935
46,0.813067,-0.247277,-0.999
47,-0.633042,0.999,0.48414
48,-0.111429,0.806505,-0.999
49,-0.0867645,0.999,-0.0592228
50,-0.483074,0.910181,-0.999
51,0.999,0.625538,0.960836
52,-0.999,-0.764198,0.85501
53,0.999,0.550629,0.262808
54,0.5718,-0.434012,0.999
55,-0.360643,-0.992143,-0.999
56,0.999,0.228513,0.926862
57,-0.0612395,-0.999,-0.632376
58,0.999,-0.724415,-0.909155
59,0.218087,0.593711,0.999
60,-0.296807,-0.999,-0.744811
61,0.9518,-0.999,-0.270003
62,0.812397,-0.999,-0.471524
63,0.204096,-0.108773,0.999
0,-0.999,-0.503688,-0.989841
1,-0.316105,0.999,-0.586703
2,-0.399442,-0.999,0.225117
3,0.181512,0.999,-0.622373
4,-0.512829,-0.810807,-0.999
5,0.269942,0.659036,-0.999
6,-0.258183,0.404036,0.999
7,-0.0212319,-0.309713,-0.999
8,-0.999,-0.264108,0.169079
9,0.999,0.78619,-0.981896
10,0.206395,-0.999,0.00492901
11,-0.999,-0.969253,0.437335
12,0.999,0.855995,-0.0738295
13,0.986458,0.999,-0.857343
14,0.999,-0.530936,0.877011
15,0.999,0.783168,-0.817854
16,0.999,0.812831,-0.680543
17,0.698321,0.999,-0.743253
18,0.036861,-0.325552,-0.999
19,0.999,0.367755,0.644953
20,-0.642996,-0.999,-0.418158
21,-0.161424,0.940718,-0.999
22,-0.712905,-0.773102,0.999
23,-0.999,0.0307671,0.2516
24,-0.887333,0.999,0.499136
25,0.785661,0.844473,0.999
26,0.0442993,-0.122576,-0.999
27,0.116207,0.999,0.131767
28,0.629962,-0.776578,0.999
29,-0.999,0.47256,-0.101991
30,0.958106,0.176407,0.999
31,-0.323668,0.434841,0.999
32,0.999,0.608779,0.383767
33,0.115061,0.841713,0.999
34,-0.646432,-0.761429,-0.999
35,-0.920565,-0.999,-0.546929
36,-0.322385,-0.666529,0.999
37,-0.999,0.879302,0.068927
38,0.426578,0.999,-0.176723
39,0.579061,0.416395,0.999
40,-0.941446,-0.339214,-0.999
41,-0.999,-0.273118,-0.0360925
42,-0.999,-0.0166366,-0.916967
43,-0.700032,0.999,0.595773
44,0.999,0.668971,-0.299924
45,-0.665369,-0.999,0.123601
46,0.999,-0.763719,0.150092
47,-0.999,0.58088,0.272938
48,0.341432,0.999,0.200109
49,-0.999,0.775429,0.374455
50,-0.13621,0.999,-0.703049
51,0.991102,0.646266,0.999
52,-0.846644,-0.904574,0.999
53,0.5492,-0.999,-0.518132
54,0.000976503,-0.6076,-0.999
55,-0.504194,0.999,-0.600958
56,-0.999,0.319909,0.498049
57,0.488757,-0.859292,-0.999
58,0.823988,-0.999,-0.96221
59,-0.0609891,0.999,0.529044
60,-0.999,-0.50797,-0.86676
61,0.999,-0.992064,-0.271876
62,0.986179,0.0701335,-0.999
63,-0.999,0.491141,0.681624
0,-0.968222,-0.570403,-0.999
1,0.272407,0.519642,-0.999
2,-0.462415,-0.841345,-0.999
3,0.999,-0.877076,-0.105634
4,-0.999,-0.968064,0.358074
5,-0.208281,0.999,-0.614299
6,-0.322214,0.999,-0.736288
7,0.999,0.124094,-0.228858
8,-0.481195,-0.999,-0.146873
9,0.943706,0.911255,-0.999
10,0.999,0.799514,0.726036
11,-0.947228,-0.999,0.421158
12,0.316853,0.596009,-0.999
13,0.836049,0.849218,-0.999
14,0.699782,-0.553641,0.999
15,0.675816,0.96307,-0.999
16,-0.999,0.47395,-0.87497
17,0.326725,-0.999,-0.955596
18,0.0454763,0.999,-0.298062
19,-0.999,0.47282,0.25811
20,-0.999,-0.323638,-0.74478
21,0.080349,0.999,-0.684037
22,-0.999,-0.698392,0.816233
23,0.999,-0.756447,-0.44729
24,0.999,-0.820581,-0.410876
25,-0.174113,0.999,0.446673
26,0.0506509,-0.999,-0.569004
27,0.962205,-0.999,0.983989
28,0.0824012,-0.287658,-0.999
29,0.999,-0.137955,0.656736
30,0.0223298,-0.999,0.691168
31,0.999,-0.128643,-0.081381
32,0.249197,0.999,0.141449
33,0.121472,0.999,0.609122
34,-0.669251,-0.999,-0.893136
35,-0.984301,-0.791364,-0.999
36,0.348194,-0.133594,-0.999
37,0.999,0.431467,0.896015
38,0.116489,0.407582,-0.999
39,0.017526,-0.999,-0.186996
40,-0.999,-0.111654,-0.688146
41,0.999,0.417166,0.748992
42,-0.914564,-0.0169177,-0.999
43,0.619023,-0.999,0.834059
44,-0.999,0.137013,0.379638
45,0.710639,0.239255,0.999
46,0.913475,-0.999,0.67582
47,0.388443,-0.999,-0.525598
48,0.643523,0.869925,0.999
49,0.318266,0.452946,0.999
50,0.999,0.704782,0.266386
51,0.856323,0.999,0.330651
52,-0.743075,-0.999,0.900438
53,0.271657,-0.0422073,-0.999
54,-0.569847,-0.781188,0.999
55,-0.648239,-0.999,-0.201546
56,0.999,0.411305,0.0692368
57,0.999,-0.729428,-0.65728
58,0.699331,-0.802708,-0.999
59,-0.96899,-0.322897,-0.999
60,-0.230698,0.0285236,-0.999
61,-0.999,-0.704388,-0.349549
62,0.999,0.155164,-0.956969
63,0.0223386,0.999,0.412418
0,-0.770033,-0.999,-0.933587
1,0.999,-0.0730021,-0.48803
2,-0.565169,-0.584103,0.999
3,0.945371,-0.999,-0.0717766
4,-0.900063,-0.999,0.633676
5,-0.999,0.434519,0.0225919
6,-0.331945,0.908431,-0.999
7,-0.630505,0.81629,0.999
8,0.916968,0.988036,-0.999
9,0.90447,0.999,-0.986154
10,0.910535,0.999,0.80642
11,0.999,0.157435,-0.187269
12,-0.999,0.0941181,0.78893
13,-0.999,-0.979185,0.742428
14,-0.999,-0.682621,0.300331
15,0.609474,0.999,-0.96161
16,0.286501,0.256025,-0.999
17,0.249018,-0.580977,-0.999
18,0.0584686,-0.999,0.758987
19,0.999,0.577886,-0.128733
20,-0.72004,0.204086,-0.999
21,0.999,0.773504,0.514014
22,0.999,-0.178201,-0.456347
23,0.380539,-0.999,-0.663517
24,0.8129,-0.999,-0.500607
25,-0.999,0.865169,-0.0286048
26,0.0651216,0.999,0.410639
27,0.978099,-0.961443,0.999
28,-0.465159,0.201262,0.999
29,0.0946115,-0.414164,0.999
30,-0.999,0.286218,0.354864
31,-0.126479,-0.607758,-0.999
32,-0.999,0.347214,-0.262261
33,0.147933,0.345712,-0.999
34,-0.860452,0.999,-0.00609541
35,-0.999,-0.74022,-0.887402
36,0.999,0.384421,0.944036
37,0.747677,0.375164,0.999
38,-0.621528,-0.999,0.960408
39,-0.367408,-0.0280571,-0.999
40,-0.712959,0.999,0.830403
41,0.359878,0.637864,0.999
42,0.999,-0.0232906,0.883757
43,0.999,-0.421637,0.902882
44,0.825856,-0.348604,0.999
45,0.999,0.499648,0.814702
46,0.860738,-0.853302,0.999
47,0.999,-0.30218,-0.877577
48,0.999,0.717613,0.0551039
49,0.999,0.286049,0.675257
50,0.13918,0.482134,0.999
51,0.587983,0.294733,-0.999
52,0.999,0.607022,-0.758366
53,-0.0306626,0.999,-0.474115
54,-0.999,-0.911997,-0.50738
55,-0.792284,0.999,0.197866
56,-0.999,0.502702,-0.359576
57,-0.999,-0.22165,0.678875
58,-0.44549,0.999,-0.651944
59,-0.999,-0.368043,-0.94678
60,0.999,0.887902,-0.785571
61,0.999,-0.416712,-0.427222
62,0.861677,0.999,-0.539365
63,0.999,0.511902,0.154726
0,0.152177,0.999,-0.629204
1,-0.139082,-0.999,0.311217
2,-0.667922,-0.326861,-0.999
3,0.0732535,0.999,0.478819
4,-0.768557,-0.956551,0.999
5,0.216016,-0.431765,0.999
6,-0.405706,0.221899,0.999
7,-0.999,0.973247,0.720353
8,0.925386,0.999,-0.993864
9,0.0206671,-0.999,-0.69679
10,0.697493,0.516193,0.999
11,-0.419726,0.999,-0.630561
12,-0.843542,0.0348685,0.999
13,-0.978097,-0.999,0.762254
14,0.999,-0.834307,-0.521328
15,-0.999,0.103077,-0.0545164
16,0.999,0.135068,-0.929604
17,-0.044871,0.999,-0.831061
18,0.0614309,-0.543217,0.999
19,-0.999,0.682951,-0.515576
20,-0.299311,0.999,-0.614076
21,0.625947,0.682032,0.999
22,0.145016,0.0440274,-0.999
23,-0.581887,-0.619993,-0.999
24,-0.222824,-0.000456989,-0.999
25,0.688986,0.591639,-0.999
26,0.0738272,-0.203614,0.999
27,0.999,-0.909694,0.976938
28,-0.999,0.678824,-0.953563
29,-0.999,-0.74847,0.583536
30,-0.431221,0.999,0.168088
31,-0.999,-0.979615,-0.28603
32,0.999,-0.695794,-0.90829
33,0.180805,-0.465862,0.999
34,-0.999,-0.459972,0.641312
35,-0.73349,0.124753,0.999
36,0.980227,0.399341,0.999
37,-0.999,-0.016367,0.275897
38,-0.636441,-0.970558,0.999
39,-0.774984,0.999,-0.138173
40,-0.681013,0.874846,0.999
41,-0.688835,0.999,0.58713
42,0.880793,-0.0236841,0.999
43,0.461392,0.393096,0.999
44,0.999,-0.394945,0.9398
45,0.442985,0.999,0.460568
46,0.535544,0.045119,-0.999
47,0.786293,-0.0598174,-0.999
48,0.600524,0.547355,-0.999
49,-0.999,-0.20333,-0.27403
50,-0.999,0.187146,0.0270303
51,0.184864,-0.763268,0.999
52,0.74509,0.840968,-0.999
53,-0.610525,-0.999,0.532637
54,-0.85833,-0.954775,-0.999
55,-0.936329,-0.999,0.597278
56,0.999,0.594098,-0.788388
57,-0.51857,-0.0996134,0.999
58,-0.999,0.125834,-0.483843
59,-0.564914,-0.999,-0.215793
60,0.838467,0.999,-0.757731
61,-0.999,-0.129037,-0.504895
62,0.53675,-0.999,0.448746
63,-0.999,-0.484055,-0.372172
0,0.999,-0.838757,-0.349374
1,-0.999,-0.29776,0.915818
2,-0.770675,-0.0696184,0.999
3,-0.752272,-0.893205,0.999
4,-0.0509434,-0.724908,-0.999
5,0.999,-0.990731,0.368332
6,-0.479468,-0.464634,-0.999
7,-0.936021,0.999,0.672858
8,0.999,0.89296,-0.948336
9,-0.863136,0.999,-0.407426
10,0.0284647,-0.999,0.391088
11,-0.999,0.654382,-0.811872
12,0.62877,-0.526272,-0.999
13,-0.727433,-0.74938,0.999
14,-0.165553,-0.922674,-0.999
15,0.872049,-0.938455,0.999
16,-0.999,-0.203813,-0.735177
17,-0.416467,-0.999,-0.618719
18,0.0714608,0.999,0.182963
19,0.999,0.788017,-0.902419
20,0.757382,-0.999,0.35269
21,-0.90853,0.305783,-0.999
22,-0.999,0.34199,-0.270074
23,-0.999,-0.455338,-0.852819
24,-0.999,0.74882,-0.62427
25,0.999,0.54124,-0.820019
26,0.0795922,-0.999,0.608718
27,0.190797,0.999,0.16279
28,-0.98628,0.690182,-0.999
29,-0.175418,-0.999,0.270943
30,0.999,-0.800254,-0.302725
31,-0.951114,-0.999,-0.246946
32,0.715223,-0.843859,-0.999
33,0.20244,-0.999,-0.316642
34,-0.947347,-0.999,0.880945
35,-0.464827,0.999,-0.910822
36,0.309648,0.932276,-0.999
37,0.999,-0.464201,-0.551191
38,-0.999,-0.27716,0.0337632
39,-0.999,0.431428,0.337074
40,-0.304472,-0.588522,-0.999
41,-0.999,0.89155,0.464924
42,-0.999,-0.0299446,-0.850547
43,0.060922,0.999,0.926656
44,-0.999,-0.926904,0.260237
45,-0.999,-0.299528,-0.45849
46,0.210349,0.94354,0.999
47,-0.143845,0.999,-0.463663
48,-0.154429,0.224786,0.999
49,0.529741,-0.577585,-0.999
50,0.204713,-0.124552,-0.999
51,0.0946649,-0.999,0.551715
52,0.572487,0.999,-0.834741
53,-0.879713,-0.0710072,0.999
54,-0.709614,-0.999,-0.4782
55,-0.999,-0.115394,0.773827
56,0.0125264,0.6392,-0.999
57,0.999,0.286128,-0.0160293
58,-0.284032,-0.999,-0.267099
59,0.157067,0.0520836,0.999
60,-0.999,-0.284774,-0.438901
61,0.999,0.158639,-0.582568
62,0.355478,0.116215,0.999
63,0.0365618,-0.999,-0.645126
0,0.924613,-0.999,-0.324822
1,-0.87913,-0.200123,0.999
2,-0.873429,0.187624,-0.999
3,-0.798864,-0.999,0.969585
4,0.666671,-0.493266,0.999
5,0.986,-0.999,0.357874
6,-0.536987,-0.999,0.559843
7,0.999,0.1766,-0.787153
8,-0.332967,-0.999,-0.1356
9,-0.999,0.689438,-0.362615
10,-0.853605,0.999,-0.410403
11,-0.396911,0.296809,-0.999
12,0.999,-0.667758,-0.49497
13,0.999,0.970859,-0.63941
14,-0.999,-0.985992,-0.656013
15,0.982612,-0.999,0.936687
16,0.999,-0.542694,-0.54075
17,-0.788063,0.999,-0.406376
18,0.0844531,-0.999,-0.874086
19,0.494752,0.814519,-0.999
20,0.999,-0.540027,0.574661
21,-0.999,0.283355,-0.879841
22,0.996064,0.861157,0.999
23,0.999,0.331876,-0.153929
24,-0.738467,0.999,-0.49865
25,-0.999,0.217312,0.330357
26,0.0940629,0.999,-0.370926
27,-0.655201,-0.999,-0.689432
28,-0.639302,0.999,0.267724
29,0.999,-0.640015,-0.175191
30,0.840111,-0.999,-0.354992
31,0.576626,-0.348643,0.999
32,0.415967,-0.999,-0.902288
33,0.213677,-0.721563,-0.999
34,-0.921685,-0.730703,0.999
35,-0.452281,0.958131,-0.999
36,0.224433,0.999,-0.744974
37,-0.085732,-0.707213,-0.999
38,-0.60963,0.465465,-0.999
39,-0.685124,-0.360281,0.999
40,-0.198594,-0.999,-0.436909
41,0.999,0.201266,-0.320161
42,-0.847022,-0.0304505,-0.999
43,-0.999,-0.608805,0.735002
44,-0.724317,-0.999,0.166859
45,-0.220602,-0.999,-0.954263
46,0.189913,0.999,0.873376
47,-0.999,0.0234802,0.0290931
48,-0.909382,-0.0977841,-0.999
49,0.999,-0.69271,-0.775683
50,0.999,-0.33049,-0.320446
51,-0.218254,-0.177731,-0.999
52,-0.999,-0.449847,0.661721
53,-0.999,0.343666,0.790159
54,-0.287507,-0.870637,0.999
55,-0.918626,0.999,0.99669
56,-0.999,0.685494,-0.781799
57,-0.473103,0.660065,-0.999
58,0.985446,0.999,0.117747
59,0.808183,0.999,-0.0974588
60,0.0252604,-0.999,-0.261273
61,-0.999,0.446314,-0.660242
62,0.211824,0.999,0.562143
63,0.999,-0.518989,-0.89907
0,0.00240254,0.999,-0.0204403
1,0.59427,0.999,-0.0357316
2,-0.976182,0.444866,0.999
3,-0.999,-0.537972,0.842601
4,0.999,-0.385668,0.0704712
5,-0.701974,0.204494,-0.999
6,-0.553229,-0.847833,0.999
7,0.716758,0.0567068,-0.999
8,-0.999,-0.0510288,0.271408
9,-0.252062,-0.999,-0.118062
10,-0.999,0.667231,-0.543425
11,0.999,-0.5328,-0.562524
12,0.12727,-0.999,0.688604
13,0.969737,0.999,-0.667165
14,-0.814394,-0.999,-0.580133
15,0.999,-0.989321,0.926888
16,-0.999,-0.881575,-0.346323
17,-0.999,-0.141114,-0.285268
18,0.0860007,-0.760882,-0.999
19,-0.999,0.893082,-0.709738
20,0.534097,0.339454,0.999
21,0.444008,-0.0704667,0.999
22,0.999,0.862181,0.996494
23,-0.697589,0.999,0.439232
24,0.999,-0.677059,0.339583
25,0.164633,0.0287504,0.999
26,0.103355,-0.284651,-0.999
27,-0.963501,-0.270521,-0.999
28,-0.438719,0.819898,0.999
29,-0.999,-0.0295004,-0.933919
30,-0.749998,0.999,-0.878073
31,0.999,-0.168413,0.653441
32,-0.999,-0.260199,-0.444682
33,0.246549,0.0900109,0.999
34,-0.756146,0.999,0.231014
35,-0.171073,0.0420144,0.999
36,-0.360931,0.533788,0.999
37,-0.999,-0.912036,-0.620721
38,-0.329365,0.999,-0.254907
39,-0.431505,-0.999,0.463342
40,0.0720686,0.0528895,0.999
41,-0.732022,-0.396481,-0.999
42,0.999,-0.0365986,0.817337
43,-0.740867,-0.999,0.68837
44,0.999,-0.540138,-0.419325
45,-0.148792,-0.934379,-0.999
46,-0.114845,0.157039,-0.999
47,-0.100753,-0.999,0.546075
48,-0.999,-0.136503,-0.759056
49,-0.256209,-0.999,-0.179608
50,-0.548607,-0.731238,0.999
51,-0.621373,0.880269,0.999
52,-0.643536,-0.777362,0.999
53,-0.808613,0.999,0.459611
54,0.283316,-0.69705,-0.999
55,-0.917432,0.982432,0.999
56,0.999,0.77689,-0.352987
57,-0.999,0.793905,-0.646816
58,0.999,0.976082,0.122159
59,0.999,0.719747,-0.420472
60,0.999,-0.318354,-0.092232
61,0.999,0.73399,-0.737915
62,-0.113102,-0.999,-0.425968
63,0.616082,-0.328208,-0.999
0,-0.919808,-0.999,0.283942
1,0.999,0.668522,-0.320666
2,-0.999,0.504495,0.535633
3,-0.328019,0.999,0.418989
4,0.614715,-0.261623,-0.999
5,-0.999,0.416981,-0.759256
6,-0.62699,-0.161301,-0.999
7,-0.999,-0.672553,0.295659
8,-0.259452,0.999,0.722663
9,0.631741,0.999,0.171302
10,-0.496522,-0.471514,-0.999
11,0.21232,-0.999,-0.316719
12,-0.102081,-0.911588,0.999
13,0.618817,0.649542,-0.999
14,0.999,-0.861323,0.165645
15,-0.999,0.123435,-0.199742
16,-0.300434,-0.999,-0.278379
17,-0.839341,-0.999,-0.194033
18,0.0974454,0.999,-0.0678645
19,0.999,0.998147,-0.322895
20,0.184925,0.999,0.679543
21,0.999,-0.206795,0.274696
22,0.469386,0.999,0.659338
23,-0.999,0.879909,0.544961
24,0.664035,-0.999,0.501093
25,0.999,-0.106617,0.518266
26,0.108534,-0.999,-0.648431
27,-0.999,-0.184278,-0.962233
28,0.108841,0.330978,-0.999
29,-0.824897,0.0236724,-0.999
30,-0.999,0.68471,-0.960313
31,-0.999,0.682559,-0.978148
32,0.999,0.782808,0.201347
33,0.279422,0.901585,-0.999
34,-0.564945,-0.999,-0.656026
35,0.110136,-0.874102,-0.999
36,-0.999,0.0258958,-0.906067
37,-0.606354,-0.999,-0.458263
38,0.143299,0.0975109,0.999
39,0.261344,0.748619,-0.999
40,0.315771,0.999,-0.294778
41,-0.999,-0.489018,-0.893755
42,0.813251,-0.0372169,0.999
43,0.578188,0.999,0.450085
44,-0.709113,-0.0855884,-0.999
45,0.999,0.0994071,-0.267318
46,-0.440039,-0.741382,0.999
47,0.687933,-0.100356,0.999
48,-0.334666,-0.420354,0.999
49,-0.999,-0.816911,0.173604
50,-0.999,-0.848125,0.613863
51,-0.666993,0.999,0.772779
52,-0.401898,-0.999,0.769045
53,-0.228751,-0.999,-0.547141
54,0.854139,-0.523462,0.999
55,-0.774581,-0.999,0.602898
56,-0.999,0.868286,0.0758255
57,-0.187655,0.999,-0.104504
58,-0.255924,-0.999,0.502592
59,0.654856,0.21873,-0.999
60,-0.888987,0.999,0.235185
61,-0.84945,0.999,-0.809738
62,-0.301865,0.162296,-0.999
63,-0.999,0.476968,-0.573032
0,-0.999,-0.825174,0.31041
1,0.0316665,-0.119397,-0.999
2,-0.920065,0.702109,-0.999
3,0.544099,-0.999,-0.131607
4,-0.102899,-0.0299805,0.999
5,-0.18128,0.999,-0.101449
6,-0.700752,0.525232,0.999
7,-0.228153,-0.999,0.876978
8,0.195067,0.353049,0.999
9,0.999,0.166065,0.291873
10,-0.263325,-0.999,-0.787105
11,-0.999,-0.279017,0.0620797
12,-0.999,-0.569365,-0.22013
13,-0.999,-0.962534,0.536392
14,-0.999,-0.709638,0.987304
15,0.420914,0.913839,-0.999
16,0.999,-0.778543,-0.151896
17,-0.467745,0.999,0.0183098
18,0.110438,-0.999,0.989185
19,0.963753,0.999,-0.316074
20,-0.871768,-0.999,-0.287223
21,0.0205153,-0.446716,-0.999
22,-0.999,0.616628,-0.276085
23,0.302525,0.367364,0.999
24,-0.370682,-0.00142813,0.999
25,-0.999,-0.430546,-0.63211
26,0.123004,0.999,0.331212
27,-0.497801,0.999,-0.457347
28,0.656402,-0.157942,0.999
29,0.999,0.581015,-0.306354
30,-0.878356,0.533044,-0.999
31,-0.972228,0.693956,-0.999
32,0.582737,0.999,0.335873
33,0.283408,0.999,-0.756594
34,-0.490802,-0.223835,-0.999
35,0.148781,-0.999,-0.724286
36,-0.96749,0.000853209,-0.999
37,0.999,-0.63913,0.206367
38,0.718741,-0.999,-0.528777
39,0.361005,0.999,-0.78851
40,0.448609,0.482743,-0.999
41,0.480759,-0.999,-0.312596
42,-0.999,-0.0432526,-0.784127
43,0.999,0.359754,0.373885
44,-0.999,-0.00817984,-0.900113
45,-0.00178152,0.999,0.370095
46,-0.533649,-0.999,0.423571
47,0.999,0.25522,0.819391
48,0.420287,-0.742924,-0.999
49,0.741216,-0.390885,0.999
50,-0.412491,-0.999,0.113442
51,-0.999,0.12501,-0.878548
52,0.999,0.292671,-0.565078
53,0.0320834,-0.0998073,-0.999
54,0.999,-0.479106,0.4882
55,-0.630536,0.999,0.203487
56,0.999,0.959682,0.504638
57,0.999,0.697317,0.689338
58,-0.999,0.172669,0.728161
59,-0.18228,-0.999,0.41071
60,-0.999,0.921481,0.254437
61,-0.999,0.977334,-0.815588
62,-0.438029,0.999,-0.584921
63,0.0507852,0.999,-0.296329
0,-0.156982,0.999,0.588324
1,-0.999,-0.959716,-0.274486
2,-0.817312,0.959351,0.999
3,0.999,0.0459809,-0.419432
4,-0.820513,0.201662,-0.999
5,0.999,0.156769,0.84882
6,-0.751761,0.999,-0.383398
7,-0.0650216,-0.929704,0.999
8,0.999,-0.790903,0.507849
9,0.483456,-0.999,0.460666
10,0.618745,0.999,0.0143861
11,0.999,0.908165,0.686683
12,-0.424607,-0.350447,-0.999
13,-0.961377,-0.999,0.572076
14,-0.968112,-0.707294,0.999
15,0.575697,0.999,-0.911765
16,-0.999,-0.439662,0.0425308
17,-0.0961489,-0.999,0.230653
18,0.110571,-0.978548,0.999
19,-0.999,0.895787,0.0639477
20,-0.999,-0.756416,-0.404542
21,-0.999,-0.696944,0.33045
22,0.138144,0.320714,-0.999
23,0.999,0.0926949,0.755149
24,-0.999,0.605299,0.695563
25,-0.359721,-0.534138,-0.999
26,0.132883,-0.365688,0.999
27,0.348197,-0.999,0.394875
28,0.999,-0.464742,-0.255387
29,-0.372878,0.999,0.214347
30,0.341107,-0.999,-0.597847
31,-0.253307,0.999,-0.412215
32,-0.999,0.173184,0.847376
33,0.312294,0.28584,0.999
34,-0.373745,0.999,-0.455933
35,0.391345,-0.208782,0.999
36,-0.296911,-0.532082,0.999
37,-0.919142,-0.20941,0.999
38,0.896228,-0.660487,-0.999
39,0.999,-0.612778,0.561087
40,0.82515,-0.980625,0.999
41,0.999,-0.819699,-0.10867
42,-0.77948,-0.0439833,-0.999
43,0.101756,-0.999,0.211799
44,0.999,0.523778,-0.22055
45,-0.990777,0.109014,0.999
46,-0.765234,-0.359197,-0.999
47,0.345351,0.999,0.443186
48,0.999,-0.990618,0.535992
49,0.999,-0.327532,0.876109
50,0.8925,-0.661076,-0.999
51,-0.974508,0.06073,-0.999
52,0.541983,0.713755,-0.999
53,0.351111,0.999,-0.445106
54,0.574038,-0.349875,-0.999
55,-0.486491,-0.999,-0.195925
56,0.117178,0.999,0.693801
57,0.534224,0.579256,0.999
58,-0.473598,0.999,0.887438
59,-0.532222,-0.489544,0.999
60,0.999,-0.474391,0.601107
61,0.999,0.689659,-0.893261
62,-0.762955,-0.999,0.40319
63,0.999,0.526075,-0.0461342
0,0.765229,-0.999,0.892706
1,-0.949543,-0.999,-0.239754
2,-0.801075,0.999,0.68312
3,0.582784,0.999,-0.682203
4,-0.999,0.2596,-0.499017
5,0.811068,0.0227771,0.999
6,-0.774513,0.787235,-0.999
7,0.999,-0.477294,0.195835
8,0.851871,-0.999,0.418073
9,-0.400346,0.999,0.75003
10,0.999,0.134977,0.360813
11,0.844366,0.999,0.735
12,0.999,0.192511,0.935231
13,-0.510201,-0.549703,0.999
14,0.999,-0.557952,0.190037
15,0.999,0.762809,-0.672629
16,0.999,-0.100781,0.236958
17,0.275447,0.999,0.442995
18,0.12343,0.999,-0.0472345
19,0.999,0.790722,0.450791
20,-0.348154,0.474822,-0.999
21,-0.485038,-0.822966,0.999
22,0.999,0.096437,-0.450335
23,-0.999,-0.69452,0.0562586
24,-0.589602,0.999,0.498164
25,0.999,-0.754474,-0.216514
26,0.137475,-0.999,0.688145
27,0.948903,0.420402,0.999
28,0.795038,-0.646861,-0.999
29,-0.999,0.807471,0.452374
30,0.999,-0.170675,-0.381098
31,0.999,0.465469,0.610737
32,-0.526736,-0.0732266,0.999
33,0.345166,-0.525734,-0.999
34,-0.182544,-0.999,0.431108
35,0.672554,0.707335,-0.999
36,0.291859,-0.999,-0.756126
37,-0.999,-0.191295,0.965545
38,0.999,-0.462569,-0.72349
39,0.845485,-0.999,0.885321
40,0.830136,-0.999,0.972534
41,-0.999,-0.129415,0.676414
42,0.999,-0.0499066,0.750917
43,-0.999,0.670688,0.0127684
44,-0.790552,0.999,0.38781
45,-0.999,0.100714,0.993126
46,-0.999,0.289396,0.444129
47,-0.999,-0.53392,-0.331125
48,0.977043,-0.999,0.59413
49,-0.999,0.161848,-0.0731786
50,0.999,-0.633239,-0.907279
51,-0.571389,-0.997271,0.999
52,0.23131,0.999,-0.703348
53,0.930973,-0.999,0.561646
54,0.00321496,-0.176287,0.999
55,-0.342446,0.999,-0.595337
56,-0.999,0.947922,0.93345
57,-0.999,0.189539,-0.0264927
58,-0.102292,0.414318,0.999
59,-0.999,0.191463,0.211276
60,0.246286,-0.999,0.731643
61,-0.999,0.401983,-0.970934
62,-0.959208,0.208378,0.999
63,-0.999,-0.469882,0.480764
0,0.999,-0.490105,0.970194
1,0.815797,0.438915,0.999
2,-0.714558,0.782407,-0.999
3,0.0794086,-0.154797,-0.999
4,-0.460873,0.433304,0.999
5,-0.62344,-0.999,-0.154975
6,-0.848275,0.100703,0.999
7,-0.586715,0.1963,-0.999
8,-0.554711,0.999,-0.44019
9,-0.999,-0.357307,0.946361
10,0.498185,-0.999,0.815877
11,-0.00374818,0.495315,0.999
12,0.951296,0.210693,0.999
13,0.999,0.954208,-0.433373
14,-0.999,-0.406267,-0.631621
15,-0.999,-0.349946,0.454
16,-0.999,0.2381,0.431385
17,0.647043,-0.999,0.655338
18,0.135141,-0.802787,-0.999
19,-0.999,0.685656,0.837634
20,-0.0705396,0.999,-0.745011
21,0.236969,-0.999,0.0584245
22,-0.999,-0.423754,0.822244
23,-0.223283,-0.999,-0.214947
24,0.999,-0.533538,-0.268291
25,-0.516167,-0.999,0.655428
26,0.151946,0.999,-0.291498
27,0.999,0.541138,0.947527
28,0.399544,-0.999,0.444844
29,0.443817,0.36682,0.999
30,0.0677843,0.999,-0.0747665
31,0.522081,0.262445,0.999
32,0.999,-0.869823,0.505596
33,0.364376,-0.999,0.169171
34,-0.0599194,0.283034,0.999
35,0.762389,0.999,-0.360394
36,0.373669,-0.933983,-0.999
37,0.999,0.256539,0.138457
38,0.349842,0.775536,0.999
39,0.791187,-0.862042,0.999
40,0.999,-0.338848,0.0707484
41,-0.175079,0.155097,0.999
42,0.745709,-0.0507497,0.999
43,-0.781701,0.999,-0.0264863
44,-0.999,0.943263,0.459012
45,0.224165,-0.999,0.214074
46,-0.908572,0.539224,0.999
47,-0.589949,-0.999,-0.566552
48,0.82376,-0.933507,0.999
49,0.952692,0.639646,-0.999
50,-0.999,-0.115604,0.798305
51,-0.570349,-0.999,0.993843
52,-0.999,-0.135496,0.468433
53,0.999,-0.761039,0.681489
54,-0.567608,-0.0026994,-0.999
55,-0.198401,-0.999,-0.994749
56,-0.688765,0.933737,0.999
57,0.457449,-0.180423,-0.999
58,0.79588,-0.999,0.726717
59,-0.443623,0.999,-0.723962
60,-0.999,-0.128737,0.947776
61,-0.250967,0.294334,-0.999
62,-0.999,0.459338,0.874949
63,0.0650082,-0.999,0.761216
0,0.908695,-0.294357,0.999
1,0.999,0.588954,0.869639
2,-0.611805,0.525165,0.999
3,-0.289334,-0.999,-0.766201
4,0.256741,0.664947,-0.999
5,-0.999,-0.73052,-0.457896
6,-0.922036,-0.58583,-0.999
7,-0.999,0.371858,-0.68733
8,-0.999,0.366165,-0.711895
9,-0.835172,-0.727857,0.999
10,0.295552,-0.53978,0.999
11,-0.999,-0.0963474,0.687713
12,-0.521016,0.771833,-0.999
13,0.953017,0.999,-0.476987
14,-0.102778,-0.338261,-0.999
15,-0.0302214,-0.889223,0.999
16,0.999,0.576982,0.625811
17,0.999,0.899731,0.85703
18,0.136422,-0.999,-0.894716
19,-0.159976,0.641558,0.999
20,0.986153,-0.999,0.221756
21,0.999,-0.811907,-0.935595
22,-0.719777,-0.496415,0.999
23,0.999,-0.517266,-0.642632
24,0.51517,-0.999,-0.501579
25,-0.999,-0.920597,0.933863
26,0.162411,-0.446725,-0.999
27,0.804805,0.999,0.751903
28,0.247477,-0.863219,0.999
29,0.999,0.196956,0.787899
30,-0.999,-0.343361,0.27649
31,-0.999,-0.385504,-0.243327
32,0.749507,-0.999,0.424966
33,0.378038,-0.661691,0.999
34,0.00865722,0.999,0.680852
35,0.953762,0.375549,0.999
36,0.999,-0.436213,0.868098
37,-0.999,0.704373,-0.688631
38,0.232152,0.999,0.686538
39,0.0529743,0.999,-0.560152
40,0.797309,0.444993,-0.999
41,0.999,0.560869,0.537501
42,-0.999,-0.0565606,-0.717707
43,0.537354,-0.999,-0.264772
44,0.59237,0.51978,0.999
45,0.999,-0.300834,-0.280066
46,-0.741788,0.999,-0.0262341
47,0.163159,-0.140894,-0.999
48,0.0688075,-0.610937,-0.999
49,0.999,0.651228,-0.976534
50,-0.762607,-0.0543904,0.999
51,-0.16827,0.0562715,-0.999
52,-0.440429,-0.650148,0.999
53,0.815547,-0.128607,0.999
54,-0.999,0.128791,0.515219
55,-0.196508,-0.972721,-0.999
56,0.999,0.856525,0.636737
57,0.999,-0.318239,-0.636353
58,0.999,-0.67758,0.664837
59,-0.279701,0.760358,-0.999
60,-0.697861,0.0815439,0.999
61,0.999,0.114308,-0.950392
62,-0.911119,0.999,0.607699
63,0.970933,-0.547643,0.999
0,0.311561,0.999,0.801912
1,0.494355,0.999,0.515239
2,-0.509052,0.267922,-0.999
3,-0.999,0.629934,-0.317535
4,0.974355,0.89659,0.999
5,-0.32511,-0.250048,-0.999
6,-0.966535,-0.999,0.206953
7,0.479715,0.999,0.427814
8,-0.526834,-0.304866,-0.999
9,-0.714851,-0.999,0.959606
10,-0.383885,0.999,0.381631
11,0.522587,-0.999,0.212281
12,-0.999,0.954388,-0.348669
13,0.401585,0.449865,-0.999
14,0.999,-0.254582,-0.54572
15,0.168783,-0.999,0.886842
16,-0.999,0.915863,0.820238
17,0.980361,0.999,0.867681
18,0.149415,0.999,0.162333
19,0.999,0.580591,0.774523
20,0.999,-0.972805,0.234424
21,0.949561,-0.799785,-0.999
22,0.999,-0.943945,-0.0958237
23,-0.0231627,-0.114734,-0.999
24,-0.518539,-0.00239933,-0.999
25,-0.884074,-0.901974,0.999
26,0.166416,-0.999,-0.727859
27,-0.0411933,-0.999,-0.100318
28,-0.300083,-0.374299,-0.999
29,-0.999,-0.413559,0.0291713
30,-0.476675,-0.999,0.448314
31,-0.0719345,-0.780154,-0.999
32,-0.999,-0.0861694,-0.140433
33,0.41091,0.149883,-0.999
34,0.199858,-0.999,-0.206189
35,0.999,0.224917,0.670316
36,0.954752,-0.401048,0.999
37,-0.246449,0.872967,-0.999
38,-0.403087,-0.21256,-0.999
39,-0.155281,0.473705,-0.999
40,0.6545,0.999,-0.240846
41,-0.272684,0.999,0.0380618
42,-0.711938,-0.0575161,-0.999
43,0.999,-0.29787,-0.348348
44,0.999,0.411305,0.860426
45,-0.131346,0.716352,-0.999
46,-0.583377,0.561355,-0.999
47,0.999,0.81262,-0.51736
48,-0.686145,-0.288367,0.999
49,-0.425653,0.999,-0.299993
50,0.999,0.402032,-0.504889
51,0.191309,0.999,0.784093
52,-0.0607219,-0.999,0.637651
53,0.488164,0.999,0.430602
54,-0.860569,0.170888,0.999
55,-0.0543562,0.999,-0.604839
56,-0.999,0.765129,0.207925
57,-0.999,-0.826017,0.699802
58,-0.0663579,0.999,0.341872
59,0.907376,-0.967828,0.999
60,0.617441,0.999,0.770899
61,-0.999,-0.173368,-0.872719
62,-0.586192,-0.999,-0.380412
63,0.999,-0.533161,0.991338
0,-0.610649,-0.999,0.49753
1,-0.999,-0.218192,-0.534209
2,-0.406298,0.01068,0.999
3,-0.837549,0.999,-0.215605
4,0.999,0.904868,0.927563
5,0.999,0.69473,0.0669715
6,-0.995797,-0.726637,0.999
7,0.999,0.777989,0.820176
8,-0.0377083,-0.999,-0.700547
9,0.168952,0.999,0.670242
10,-0.999,-0.397277,-0.178201
11,0.999,-0.71547,0.0631095
12,-0.879324,0.999,-0.186181
13,-0.999,-0.945883,0.330355
14,-0.999,-0.102897,0.275939
15,0.999,-0.536298,0.418371
16,-0.50269,0.999,0.86851
17,0.748805,-0.246654,0.999
18,0.15971,-0.585122,0.999
19,-0.999,0.475526,0.387681
20,0.162212,0.61019,0.999
21,-0.584916,-0.423535,0.999
22,0.783591,-0.999,-0.232955
23,-0.999,0.269948,-0.657478
24,-0.999,0.461778,-0.766855
25,0.999,-0.596668,-0.085239
26,0.180887,0.999,0.251785
27,-0.887191,0.999,-0.95254
28,-0.847644,0.114621,0.999
29,0.921175,-0.999,-0.699638
30,0.999,0.857397,0.934079
31,0.4445,-0.999,-0.577484
32,0.999,0.956838,-0.786461
33,0.443782,0.961457,0.999
34,0.370964,0.789902,-0.999
35,0.764029,-0.540567,-0.999
36,0.284173,0.131887,-0.999
37,0.32059,0.999,-0.764387
38,-0.815954,-0.999,0.0971467
39,-0.739536,-0.999,0.234983
40,0.420768,0.0906388,0.999
41,-0.999,0.747847,-0.247583
42,0.999,-0.0632146,0.684497
43,0.142591,0.999,-0.503057
44,-0.999,-0.120653,0.180863
45,-0.446549,0.999,-0.798243
46,-0.258183,-0.337066,0.999
47,0.834548,0.999,-0.42271
48,-0.999,-0.154266,0.16796
49,-0.999,0.858393,-0.027247
50,0.418714,0.552295,-0.999
51,0.234848,0.884728,0.999
52,0.999,-0.0216795,-0.371789
53,-0.0916977,-0.999,-0.57615
54,-0.289746,0.344476,-0.999
55,0.0896888,-0.999,-0.205427
56,0.999,0.673733,-0.220888
57,-0.549878,-0.940101,0.999
58,-0.999,-0.471172,0.0588355
59,0.929475,-0.999,0.961787
60,0.999,0.731865,0.704555
61,0.999,-0.461044,-0.795046
62,-0.382449,0.254459,-0.999
63,-0.999,0.462795,0.464441
0,-0.999,-0.155036,0.369022
1,-0.33574,-0.758434,-0.999
2,-0.303545,-0.246562,-0.999
3,0.0345687,-0.999,0.334991
4,0.704286,0.999,0.106601
5,0.570841,0.999,0.4114
6,-0.999,-0.687521,0.885104
7,0.760548,0.676697,0.999
8,0.999,0.475766,-0.0673612
9,0.999,-0.880679,0.39815
10,-0.733045,-0.999,-0.41986
11,-0.999,0.471712,-0.561494
12,-0.00567287,0.666026,0.999
13,-0.944656,-0.999,0.381898
14,0.762558,0.0307713,0.999
15,-0.999,0.576458,-0.708258
16,0.84922,0.769817,0.999
17,0.608765,-0.999,0.918976
18,0.162407,-0.999,0.779617
19,0.999,0.37046,0.000837535
20,-0.0438461,0.999,0.810478
21,-0.999,-0.321758,0.45826
22,-0.421303,-0.685456,-0.999
23,0.854845,0.999,-0.00933731
24,-0.440737,0.999,-0.497679
25,-0.590573,-0.339086,-0.999
26,0.191939,-0.527763,0.999
27,-0.934305,0.887676,-0.999
28,-0.999,0.250661,0.442788
29,0.999,-0.974926,-0.729556
30,0.885566,0.999,0.971394
31,0.999,-0.762524,-0.124084
32,0.916277,0.999,-0.813195
33,0.445343,0.999,0.904065
34,0.391059,0.999,-0.905771
35,0.623003,-0.999,0.00349903
36,-0.386406,0.664823,0.999
37,0.999,0.846792,-0.483281
38,-0.999,-0.647978,0.585782
39,-0.999,-0.342015,0.785099
40,0.140135,-0.999,-0.490842
41,0.916821,0.0862865,-0.999
42,0.678167,-0.0642825,0.999
43,-0.999,-0.732572,-0.709465
44,0.999,-0.652612,-0.498699
45,-0.999,0.500955,-0.445742
46,-0.0182257,-0.999,-0.476039
47,-0.919854,-0.999,0.587029
48,-0.557902,0.0342027,-0.999
49,0.999,0.369013,0.92204
50,-0.999,0.919667,0.211473
51,0.637967,-0.173273,-0.999
52,0.338875,0.586542,-0.999
53,-0.335824,-0.157407,-0.999
54,0.281077,0.518063,0.999
55,0.233734,0.999,0.193985
56,-0.999,0.582337,-0.6497
57,-0.314071,-0.999,0.841384
58,-0.663164,-0.999,-0.042974
59,0.999,-0.896327,0.843024
60,-0.999,-0.664007,0.357885
61,-0.999,-0.748719,-0.717373
62,-0.261266,0.999,-0.630477
63,0.0792312,0.999,0.18024
0,-0.466141,0.999,0.193148
1,-0.0391679,-0.999,-0.790725
2,-0.200792,-0.503805,0.999
3,0.906686,0.999,0.885587
4,0.307031,0.870768,-0.999
5,-0.160848,0.477319,0.999
6,-0.929441,-0.0401047,-0.999
7,-0.999,-0.071164,-0.328682
8,0.630127,0.999,0.157717
9,0.946246,-0.999,0.380878
10,-0.0945808,0.447926,-0.999
11,-0.109459,0.999,-0.839438
12,0.999,0.282735,-0.366431
13,-0.292969,-0.350027,0.999
14,0.999,0.0487886,0.901403
15,-0.481357,0.864607,-0.999
16,0.999,0.744256,0.984335
17,0.237169,0.999,0.706633
18,0.175399,0.999,-0.277432
19,-0.999,0.265395,-0.386005
20,-0.999,-0.809805,-0.0643054
21,0.120393,-0.0472853,-0.999
22,-0.999,-0.534864,-0.630597
23,0.999,0.941837,0.0414119
24,0.999,-0.390017,0.196999
25,-0.999,-0.27274,-0.763385
26,0.195357,-0.999,0.767572
27,-0.999,0.732446,-0.932822
28,-0.603795,0.603541,-0.999
29,0.286469,-0.757312,-0.999
30,0.798607,0.88968,0.999
31,-0.378212,-0.176247,0.999
32,0.338249,0.697406,-0.999
33,0.476654,0.225968,-0.999
34,0.58226,-0.999,-0.01873
35,0.48282,-0.542316,0.999
36,-0.808151,0.999,-0.258226
37,-0.999,0.398958,0.343807
38,-0.842984,-0.350416,0.999
39,-0.897251,-0.0853664,0.999
40,0.0442273,-0.626271,-0.999
41,0.999,0.0575635,-0.966332
42,-0.999,-0.0698686,-0.651287
43,-0.822536,-0.999,-0.741343
44,-0.306421,-0.999,-0.942478
45,0.668932,-0.999,0.616589
46,0.0670115,-0.763513,-0.999
47,-0.999,-0.907681,0.633156
48,0.197051,0.356772,0.999
49,0.834833,0.328823,0.999
50,-0.688772,0.999,0.476165
51,0.952966,-0.999,0.563029
52,-0.109866,0.999,-0.571954
53,-0.67156,0.999,-0.416097
54,0.8519,0.691651,-0.999
55,0.377779,-0.999,0.593397
56,0.633997,0.507675,-0.999
57,0.999,-0.665205,-0.0369561
58,0.606314,0.999,-0.427819
59,-0.0954533,0.697014,-0.999
60,-0.517832,-0.999,0.27444
61,0.7471,-0.999,-0.649526
62,0.0636605,-0.999,0.357634
63,0.999,0.540248,-0.0624573
0,0.45607,-0.999,-0.111234
1,0.999,-0.152571,-0.0609434
2,-0.0980386,-0.761047,-0.999
3,0.999,0.785114,0.944499
4,-0.410583,0.639125,0.999
5,-0.999,-0.12098,0.323953
6,-0.85568,0.646428,0.999
7,-0.108811,-0.449306,-0.999
8,-0.750265,-0.962781,0.999
9,0.0624431,0.999,0.0915143
10,0.149025,0.999,-0.777648
11,0.404407,0.693821,-0.999
12,0.532361,0.104886,-0.999
13,0.999,0.937557,-0.227336
14,-0.999,0.200474,0.0797442
15,-0.238132,0.999,-0.861919
16,-0.999,0.405375,0.789908
17,-0.134427,-0.999,0.494291
18,0.18428,-0.367457,-0.999
19,0.999,0.160329,-0.772848
20,-0.898461,-0.999,-0.156288
21,0.999,0.168392,0.146885
22,0.999,-0.0146728,0.641983
23,-0.999,0.154623,0.740302
24,0.366304,-0.999,0.502064
25,0.999,0.0511889,0.386992
26,0.209828,0.999,-0.212071
27,-0.265811,-0.999,-0.194239
28,-0.159786,0.999,0.621963
29,-0.999,-0.364411,-0.510716
30,-0.704543,-0.999,0.504526
31,-0.999,0.0884476,0.491495
32,-0.999,-0.000845313,-0.56651
33,0.509527,-0.585606,0.999
34,0.773461,0.999,0.868311
35,0.201611,0.3738,-0.999
36,-0.999,0.84653,-0.830128
37,0.58696,0.0436563,0.999
38,-0.13494,0.999,-0.880832
39,-0.466954,0.999,0.0901856
40,-0.332314,0.837097,0.999
41,-0.999,-0.63272,-0.181248
42,-0.644396,-0.071049,-0.999
43,0.49652,0.999,-0.979628
44,-0.475627,-0.953972,-0.999
45,0.999,-0.701075,0.82745
46,0.392206,0.134908,0.999
47,-0.361616,-0.181432,0.999
48,0.952003,0.679342,-0.999
49,-0.999,-0.120366,0.127673
50,-0.0748201,0.840019,0.999
51,0.999,-0.875558,0.796261
52,-0.999,0.178855,0.275145
53,-0.999,-0.133255,0.154138
54,0.999,0.736688,-0.480361
55,0.521824,0.999,0.992809
56,0.999,0.490941,-0.920488
57,-0.441795,-0.29922,-0.999
58,0.999,0.379077,-0.547167
59,-0.303572,0.999,-0.648535
60,0.999,0.0608798,0.011216
61,0.999,-0.962605,-0.6397
62,0.274894,0.30054,0.999
63,-0.999,-0.455709,-0.589355
0,0.999,0.180034,-0.290762
1,-0.41602,0.999,0.932789
2,-0.00259084,-0.999,0.857876
3,0.911089,0.58361,0.999
4,-0.999,0.448864,-0.642892
5,0.233879,-0.999,-0.667825
6,-0.817692,0.999,-0.0305074
7,0.999,-0.920317,-0.162813
8,-0.776454,-0.999,0.98302
9,-0.82136,-0.999,-0.19785
10,0.999,-0.929531,-0.00441092
11,0.999,0.340105,-0.812902
12,-0.93995,-0.456254,0.999
13,0.936296,0.999,-0.286809
14,0.999,0.352159,-0.741914
15,0.999,0.309786,-0.164113
16,0.999,0.0664934,0.595481
17,-0.506023,0.999,0.281948
18,0.188391,-0.999,-0.664518
19,-0.1748,0.0986357,-0.999
20,0.0237309,0.745558,-0.999
21,0.34413,0.328964,0.999
22,0.436617,0.131674,0.999
23,-0.256199,-0.137895,0.999
24,-0.666397,-0.0033704,0.999
25,-0.0662199,0.223803,0.999
26,0.221467,-0.6088,-0.999
27,0.580188,0.999,0.657983
28,-0.0562349,0.906539,0.999
29,0.999,0.246104,0.248011
30,-0.999,-0.627567,0.407332
31,0.828359,0.866352,-0.999
32,0.915953,-0.999,0.0523565
33,0.526311,-0.999,-0.0216998
34,0.801846,0.70223,0.999
35,0.00939457,0.999,0.367392
36,-0.942015,0.801242,-0.999
37,0.999,-0.0488766,0.828105
38,-0.0900544,0.913393,-0.999
39,0.0492177,-0.302972,-0.999
40,-0.37423,0.999,0.77647
41,0.064609,-0.999,0.236472
42,0.999,-0.0765226,0.618077
43,0.609289,0.8281,-0.999
44,-0.999,-0.81443,-0.820739
45,0.728085,-0.457282,0.999
46,0.705337,0.999,-0.925844
47,0.675256,0.999,0.402233
48,0.999,0.69985,-0.871912
49,0.999,-0.609746,-0.821615
50,0.999,0.561697,0.0819436
51,0.957914,-0.767726,0.999
52,-0.237321,-0.522935,0.999
53,-0.747578,-0.999,0.590655
54,0.576277,0.865239,0.999
55,0.524417,0.963012,0.999
56,-0.999,0.399545,-0.491675
57,-0.999,-0.157427,-0.625889
58,0.123208,-0.999,-0.812665
59,-0.999,-0.0148832,0.524228
60,-0.345895,0.999,-0.222018
61,-0.999,-0.67493,-0.562026
62,0.388587,0.999,0.653255
63,0.0934543,-0.999,-0.877305
0,0.62072,0.999,-0.415616
1,-0.511724,0.921046,0.999
2,0.00471466,-0.980711,0.999
3,0.220196,-0.999,0.562817
4,-0.870803,0.407483,-0.999
5,0.646806,-0.704591,-0.999
6,-0.781918,0.666039,-0.999
7,0.811417,-0.999,-0.0213506
8,-0.999,-0.681302,0.846618
9,-0.999,-0.594948,-0.256338
10,0.967905,-0.999,0.0238432
11,-0.999,-0.847077,-0.188299
12,-0.999,-0.479141,0.917468
13,0.184354,0.250189,-0.999
14,0.371108,0.399804,-0.999
15,-0.999,-0.802969,0.962516
16,-0.999,-0.272388,0.401054
17,-0.877619,-0.999,0.069605
18,0.201384,0.999,0.392531
19,-0.999,0.055264,-0.839309
20,0.158232,0.999,-0.875946
21,-0.999,0.658541,-0.75203
22,-0.999,0.505518,0.0844378
23,0.999,-0.632592,0.559808
24,-0.999,0.318256,0.838148
25,-0.999,0.375117,0.461632
26,0.224299,-0.999,-0.807286
27,0.919707,0.196753,0.999
28,0.491326,0.417619,-0.999
29,-0.982245,0.851196,0.999
30,0.295652,0.999,-0.0185547
31,0.999,0.93942,-0.858906
32,0.999,-0.955147,0.0795184
33,0.542399,-0.60182,-0.999
34,0.964662,-0.999,0.243649
35,-0.0795974,0.709084,0.999
36,-0.271436,0.268307,0.999
37,-0.999,-0.496711,0.0010165
38,0.662875,-0.522631,0.999
39,0.325557,-0.999,-0.415355
40,-0.708854,-0.301465,-0.999
41,0.999,-0.675996,0.603837
42,0.610625,-0.0778154,0.999
43,0.999,0.235986,-0.928419
44,0.999,-0.282472,-0.141177
45,-0.891316,0.999,-0.0324197
46,0.7174,0.965671,-0.999
47,0.999,0.628981,0.215328
48,0.296519,0.999,0.988151
49,0.623358,-0.701707,-0.999
50,-0.269073,0.233333,-0.999
51,0.554795,0.290274,-0.999
52,0.280455,-0.999,0.506257
53,-0.511806,-0.186207,0.999
54,0.133129,0.999,-0.552886
55,0.665869,-0.999,0.606779
56,0.999,0.308149,-0.0628626
57,0.999,0.350351,0.710265
58,-0.494748,-0.0259272,-0.999
59,-0.716469,-0.426201,0.999
60,-0.999,0.542248,-0.335453
61,0.999,-0.387254,-0.484353
62,0.713513,-0.999,-0.334856
63,0.558947,-0.767079,-0.999
0,-0.30149,-0.999,-0.719999
1,-0.999,0.523333,0.656096
2,0.107468,-0.723468,-0.999
3,-0.651921,0.999,0.0122213
4,-0.153189,0.17584,0.999
5,0.999,-0.45277,-0.714877
6,-0.708157,-0.0204933,0.999
7,-0.542926,-0.42369,0.999
8,0.184035,0.999,0.124757
9,-0.293838,0.999,-0.487214
10,0.0858354,0.999,0.825335
11,-0.741505,-0.999,-0.107842
12,0.367621,-0.999,-0.938033
13,-0.999,-0.929232,0.124318
14,-0.999,0.503844,-0.435427
15,-0.932492,-0.839992,0.999
16,0.999,-0.611269,0.206627
17,-0.999,-0.340652,-0.000327609
18,0.20885,-0.149792,0.999
19,0.999,-0.0498013,-0.452466
20,0.999,-0.593416,-0.105813
21,-0.808652,0.705214,-0.999
22,0.704462,0.948803,-0.999
23,0.0660275,-0.999,0.233622
24,-0.291872,0.999,0.497193
25,0.999,0.699046,-0.688744
26,0.238769,0.999,0.172357
27,0.999,0.00702955,0.918116
28,0.999,-0.0365791,0.858037
29,-0.999,0.856619,0.992261
30,0.999,0.113531,-0.250256
31,0.856692,0.999,-0.742754
32,-0.999,0.0878601,0.725547
33,0.575271,0.209755,0.999
34,0.999,-0.62954,0.0797037
35,-0.360806,-0.207033,-0.999
36,0.399143,-0.264628,-0.999
37,0.999,-0.944545,-0.826072
38,0.913167,-0.999,0.334484
39,0.995686,0.69131,0.999
40,-0.888595,-0.999,-0.0447822
41,-0.00972015,-0.32767,0.999
42,-0.999,-0.0831766,-0.584867
43,0.183425,-0.999,-0.781086
44,-0.999,0.249486,0.538386
45,-0.999,0.901196,-0.101642
46,0.999,0.184928,0.738166
47,-0.430658,-0.999,-0.607505
48,0.292044,0.997088,0.999
49,-0.595097,-0.999,-0.420379
50,-0.999,0.0440615,-0.37536
51,0.284376,0.999,0.341965
52,0.999,-0.33603,-0.178501
53,-0.167716,0.999,0.401593
54,0.00545348,0.960174,-0.999
55,0.809914,0.999,0.207367
56,-0.999,0.216752,0.36595
57,0.565532,0.460459,0.999
58,-0.999,0.769675,-0.845832
59,-0.322331,-0.999,0.335284
60,0.999,-0.853624,-0.682123
61,-0.999,-0.0995784,-0.40668
62,0.932237,0.346622,-0.999
63,0.999,-0.547334,-0.882747
0,-0.999,0.515103,-0.950547
1,0.871207,-0.999,-0.657304
2,0.210221,-0.466226,0.999
3,-0.999,0.201161,-0.207532
4,0.564425,-0.0558021,-0.999
5,-0.999,0.97248,0.893199
6,-0.634396,-0.707026,-0.999
7,-0.999,-0.22953,0.654307
8,0.999,-0.16063,-0.373126
9,0.589965,-0.999,-0.776578
10,-0.10639,0.563367,0.999
11,0.999,0.0352593,0.436305
12,0.413261,-0.981605,-0.999
13,-0.927936,-0.999,0.19172
14,0.999,0.655529,0.386232
15,-0.645046,-0.999,0.836997
16,-0.999,-0.95015,0.0122003
17,-0.749785,0.999,-0.142738
18,0.214376,-0.999,0.549419
19,-0.999,-0.154867,-0.0656228
20,0.784075,-0.999,0.0908208
21,0.393589,0.999,0.567188
22,0.901204,0.999,-0.873753
23,-0.999,-0.579194,-0.139082
24,0.999,-0.246496,-0.125706
25,0.458133,0.786691,-0.999
26,0.250995,-0.689838,0.999
27,0.572814,-0.999,0.488796
28,0.960114,-0.0713008,0.999
29,-0.529529,0.999,0.814072
30,0.113239,-0.999,-0.541635
31,-0.999,0.208608,0.772683
32,-0.149763,0.530962,0.999
33,0.607279,0.999,-0.947464
34,0.843137,0.999,-0.643392
35,-0.604213,-0.999,0.731284
36,0.999,-0.742152,0.792159
37,0.751467,-0.999,-0.928488
38,0.999,-0.833388,0.103945
39,0.999,0.702191,0.989889
40,-0.999,-0.566043,0.546649
41,-0.999,0.014288,0.610079
42,-0.576854,-0.0845818,-0.999
43,-0.999,0.794456,-0.567302
44,0.358884,0.610836,0.999
45,0.411484,-0.368084,-0.999
46,0.956405,0.0672505,0.999
47,-0.999,-0.350281,-0.935188
48,-0.462909,0.674518,-0.999
49,-0.999,-0.899875,-0.228098
50,0.612967,-0.373353,0.999
51,0.151676,0.650725,0.999
52,0.135767,0.459329,-0.999
53,0.412146,-0.999,-0.605159
54,-0.56537,0.786586,0.999
55,0.953959,-0.999,-0.192045
56,0.999,0.125356,0.794762
57,-0.999,0.858129,-0.0474195
58,-0.852731,0.999,-0.80149
59,0.470608,0.155387,-0.999
60,0.789378,-0.999,-0.718476
61,0.999,0.188097,-0.329007
62,0.999,0.763514,-0.792929
63,-0.999,0.448623,-0.355849
0,-0.849167,0.839883,-0.999
1,0.999,-0.894095,-0.747752
2,0.312975,-0.208984,-0.999
3,-0.474961,-0.999,-0.538375
4,0.999,-0.196404,0.214346
5,-0.960401,0.999,0.92425
6,-0.602918,-0.999,-0.145938
7,0.999,0.619622,-0.853199
8,0.408383,-0.999,-0.733507
9,0.999,-0.0715757,-0.910826
10,-0.796234,-0.999,0.372174
11,-0.625449,0.999,0.943877
12,0.999,-0.757982,-0.202368
13,-0.0757378,-0.150351,0.999
14,-0.494227,0.768836,0.999
15,0.999,-0.0832748,-0.0901452
16,-0.704946,-0.999,-0.0164
17,-0.378189,-0.999,-0.355081
18,0.227368,0.999,-0.50763
19,0.999,-0.259932,0.32122
20,-0.209674,0.880926,0.999
21,0.725825,0.917537,0.999
22,0.999,0.973291,-0.810858
23,0.999,0.20802,-0.837973
24,0.217439,-0.999,-0.50255
25,-0.85822,0.999,-0.24147
26,0.25324,-0.999,0.847
27,-0.273184,0.999,-0.363426
28,0.412553,-0.560221,-0.999
29,0.999,0.531866,0.233534
30,-0.999,0.400505,-0.907845
31,-0.720494,0.0900488,0.999
32,0.749183,0.999,0.708483
33,0.608143,0.977671,-0.999
34,0.766271,0.195362,-0.999
35,-0.642015,-0.875851,0.999
36,0.929278,-0.797563,0.999
37,0.57863,-0.960279,-0.999
38,0.583196,-0.0403455,-0.999
39,0.880933,0.999,0.740523
40,-0.913605,-0.234167,0.999
41,0.999,0.704572,-0.175006
42,0.999,-0.0898306,0.551657
43,-0.86337,0.999,-0.542801
44,0.999,0.781445,0.781052
45,0.999,-0.897683,-0.624166
46,0.631211,-0.83117,-0.999
47,-0.88639,-0.22197,-0.999
48,-0.999,0.445035,0.423135
49,0.999,-0.410495,0.721189
50,0.999,-0.473574,0.668776
51,-0.251443,-0.407276,-0.999
52,-0.451043,0.999,-0.44056
53,0.639564,-0.215007,-0.999
54,-0.999,0.654415,-0.523059
55,0.999,-0.360059,-0.319709
56,0.0422408,0.0816124,0.999
57,-0.440486,0.999,-0.420736
58,0.416747,-0.999,-0.416644
59,0.999,0.926093,-0.107521
60,-0.833977,0.134565,-0.999
61,-0.999,0.475773,-0.251334
62,0.96056,0.999,-0.676033
63,0.107678,0.999,-0.0641501
0,-0.7753,0.999,-0.974619
1,0.639813,-0.601528,-0.999
2,0.415728,0.0482585,0.999
3,0.256231,0.676982,-0.999
4,0.716961,-0.287445,0.999
5,-0.866236,0.931862,0.999
6,-0.560634,-0.605441,0.999
7,0.804337,0.702313,-0.999
8,-0.0283643,-0.378304,-0.999
9,0.726637,0.544459,-0.999
10,-0.999,-0.537214,0.187023
11,-0.805067,0.892327,0.999
12,0.113427,-0.420465,0.999
13,0.999,0.920907,-0.0212997
14,-0.999,0.807215,0.79111
15,-0.615373,0.815376,-0.999
16,0.999,-0.709968,-0.182227
17,-0.00659281,0.999,-0.567423
18,0.23342,0.0678732,-0.999
19,-0.999,-0.364998,0.708063
20,-0.272617,0.999,0.941413
21,0.999,0.85031,0.641825
22,-0.999,0.4531,0.461721
23,0.535562,0.390524,-0.999
24,-0.814255,-0.00434154,-0.999
25,-0.999,0.976025,-0.159879
26,0.267711,0.999,-0.132643
27,-0.905109,-0.49417,-0.999
28,-0.0799728,-0.999,0.799083
29,-0.999,-0.0786486,-0.525194
30,-0.718858,0.752684,-0.999
31,0.999,-0.642364,-0.405272
32,0.999,0.868133,0.627424
33,0.641015,0.166097,0.999
34,0.651936,-0.999,-0.468568
35,-0.923224,0.0402654,-0.999
36,0.674557,-0.999,0.239674
37,-0.999,-0.60662,-0.34584
38,0.0377267,0.999,0.449201
39,0.0884224,-0.999,-0.933308
40,-0.59604,0.999,-0.686906
41,0.143467,0.999,-0.511007
42,0.543083,-0.0913482,0.999
43,0.455685,-0.999,-0.304515
44,0.17771,0.999,0.501853
45,0.885301,-0.999,-0.551749
46,0.570101,-0.999,-0.623352
47,0.18606,0.999,-0.381756
48,-0.781138,0.351948,0.999
49,0.411883,-0.266762,0.999
50,-0.95686,-0.980039,-0.999
51,-0.477282,-0.999,0.120901
52,-0.999,0.493206,0.0818574
53,0.992009,0.999,-0.387088
54,-0.862807,0.612999,-0.999
55,0.900996,0.999,-0.591457
56,-0.999,0.0339602,0.775425
57,0.426141,0.778863,-0.999
58,0.999,-0.0805737,-0.23983
59,0.948234,0.999,-0.0220322
60,-0.999,0.250496,-0.970208
61,0.999,0.763448,-0.17366
62,0.635634,-0.999,0.312077
63,0.999,0.55442,0.171049
0,0.146911,-0.999,-0.670237
1,-0.999,0.734143,0.1526
2,0.518481,0.305501,-0.999
3,0.397156,0.999,-0.910029
4,-0.000653028,-0.519087,-0.999
5,0.999,-0.39873,-0.502275
6,-0.486873,0.0810913,-0.999
7,0.103549,0.999,-0.470515
8,-0.998198,0.999,-0.40723
9,0.525232,0.999,-0.933058
10,-0.320696,0.999,-0.429317
11,-0.999,0.776558,0.938092
12,-0.999,0.00389427,-0.512732
13,0.919576,0.999,-0.0966308
14,0.999,0.9589,-0.030549
15,-0.947039,0.999,-0.812074
16,-0.999,-0.371087,-0.376653
17,0.365003,-0.999,-0.779766
18,0.240361,-0.999,-0.43432
19,0.509576,-0.444287,0.999
20,-0.999,-0.377027,0.275932
21,-0.261302,0.541287,-0.999
22,-0.153458,0.233068,0.999
23,-0.999,0.995235,-0.462137
24,-0.999,0.174735,-0.90944
25,0.999,0.652097,0.990497
26,0.280523,-0.770875,-0.999
27,-0.999,-0.718387,-0.903411
28,-0.135007,-0.949859,0.999
29,0.251959,-0.460704,-0.999
30,-0.52213,0.999,-0.934285
31,0.270348,-0.95255,-0.999
32,-0.999,-0.174875,-0.018604
33,0.673887,-0.645478,-0.999
34,0.460736,0.999,0.418473
35,-0.999,0.290386,-0.453228
36,0.258699,-0.668502,-0.999
37,0.999,-0.158786,0.481248
38,-0.169733,0.603322,0.999
39,0.0568456,-0.919352,-0.999
40,-0.537064,0.769799,-0.999
41,-0.999,0.604144,-0.96009
42,-0.999,-0.0964846,-0.518448
43,0.999,-0.174103,-0.206185
44,-0.999,0.685597,0.10149
45,-0.999,0.697563,0.649026
46,0.306016,-0.269409,0.999
47,0.999,0.0715805,0.0867035
48,-0.0261856,0.0293787,-0.999
49,-0.999,0.0788842,0.328524
50,-0.999,-0.99121,-0.962192
51,-0.654561,-0.533724,0.999
52,-0.0342137,-0.395722,0.999
53,0.999,0.971451,-0.373214
54,-0.291984,0.439411,0.999
55,0.756951,-0.999,-0.990869
56,0.999,-0.0574359,0.346613
57,0.999,0.633093,-0.615426
58,0.312775,0.999,-0.0317985
59,0.341315,0.115427,0.999
60,0.0743487,0.999,-0.784066
61,-0.64475,0.999,-0.109791
62,0.40942,0.392703,0.999
63,-0.999,-0.441536,0.697947
0,0.999,0.850172,-0.388669
1,-0.672605,0.999,0.381818
2,0.621234,0.562743,0.999
3,0.999,-0.382792,-0.529435
4,-0.718267,-0.75073,0.999
5,0.380278,-0.839867,-0.999
6,-0.413111,0.767624,0.999
7,-0.999,0.530225,0.361705
8,-0.999,0.996439,-0.40613
9,-0.35857,-0.999,-0.643695
10,0.307361,-0.42434,-0.999
11,0.999,-0.410624,0.313488
12,-0.640116,0.140675,-0.999
13,-0.0328783,0.0505129,-0.999
14,0.457359,0.999,-0.253182
15,-0.999,0.969519,-0.782226
16,0.999,-0.0322059,-0.57108
17,0.736599,0.999,-0.992109
18,0.253353,0.999,0.622729
19,0.999,-0.470063,0.904094
20,-0.66969,-0.999,-0.0253535
21,-0.999,0.36016,-0.03668
22,0.999,-0.0670915,0.264699
23,-0.9869,0.999,-0.457907
24,-0.143007,0.999,-0.496707
25,0.982486,0.649421,0.999
26,0.282181,-0.999,-0.886714
27,-0.879818,-0.999,-0.783352
28,-0.682568,-0.460939,-0.999
29,0.999,-0.689164,-0.715078
30,0.999,-0.91454,-0.433566
31,0.158885,-0.999,-0.908024
32,0.582413,-0.999,-0.529679
33,0.688247,-0.999,-0.125772
34,0.335388,-0.311506,0.999
35,-0.794568,0.956382,0.999
36,-0.41188,-0.135567,0.999
37,-0.254779,0.122097,0.999
38,-0.922663,-0.832702,-0.999
39,-0.704088,0.999,0.608139
40,-0.160523,-0.693569,0.999
41,-0.89738,0.569054,-0.999
42,-0.509313,-0.0981146,-0.999
43,0.22426,0.999,-0.0662296
44,0.999,0.153639,-0.578073
45,-0.662917,0.999,0.863082
46,-0.019178,0.629012,-0.999
47,0.0585384,-0.999,0.627982
48,0.728767,-0.293191,0.999
49,0.999,0.568264,-0.620764
50,-0.965054,-0.999,-0.933229
51,-0.999,0.372893,-0.713973
52,0.621631,-0.999,0.374863
53,0.427129,-0.999,0.619664
54,0.278839,0.265823,-0.999
55,0.753658,-0.953301,-0.999
56,-0.999,-0.148832,-0.0821996
57,-0.999,0.125316,0.720728
58,-0.956703,-0.999,0.353047
59,-0.424863,-0.999,-0.291219
60,0.999,0.352631,-0.623539
61,-0.999,0.947876,-0.0959873
62,0.310708,0.999,0.698812
63,0.121901,-0.999,0.993395
0,0.929879,0.999,-0.365855
1,0.20765,0.282009,0.999
2,0.723988,0.819986,-0.999
3,0.729727,-0.999,-0.359434
4,-0.999,-0.841672,0.214199
5,0.155682,-0.999,-0.818326
6,-0.388145,0.999,0.322383
7,-0.1526,0.170684,0.999
8,0.405779,-0.999,0.451033
9,-0.999,0.451797,-0.433685
10,0.561374,-0.999,-0.768191
11,0.00659776,-0.999,0.00340387
12,0.832196,0.701816,0.999
13,-0.999,-0.912581,-0.0817189
14,-0.999,0.888415,-0.852208
15,0.999,-0.143237,0.344403
16,-0.999,0.306675,-0.765507
17,0.750408,0.924713,-0.999
18,0.25799,0.285538,0.999
19,-0.999,-0.575128,0.517251
20,0.387003,0.999,-0.99212
21,-0.203221,0.165038,0.999
22,-0.987622,-0.584061,-0.999
23,0.999,0.216551,0.236753
24,0.999,-0.102975,0.054414
25,-0.999,0.328168,-0.141873
26,0.296652,0.999,0.0929297
27,-0.0338202,0.999,0.0688691
28,-0.999,-0.177503,0.159861
29,-0.0187672,-0.999,-0.328781
30,0.931021,-0.999,-0.411204
31,-0.999,-0.505664,0.0378613
32,0.999,-0.781118,-0.664633
33,0.706759,-0.541948,0.999
34,0.269535,-0.999,0.693486
35,-0.781179,0.999,0.903823
36,-0.999,0.331835,-0.75419
37,-0.999,0.289049,0.690664
38,-0.999,-0.980203,-0.793672
39,-0.889623,0.531013,0.999
40,-0.081675,-0.999,0.580406
41,0.999,-0.0861394,-0.253825
42,0.999,-0.103139,0.485238
43,-0.999,-0.85634,0.154931
44,-0.242142,-0.176644,-0.999
45,-0.447947,0.80555,0.999
46,-0.153462,0.999,-0.173547
47,-0.587836,-0.262508,0.999
48,0.999,-0.409081,0.280817
49,0.200407,0.763769,-0.999
50,0.999,-0.490155,0.743391
51,-0.94132,0.524277,-0.999
52,0.999,-0.650381,0.0147866
53,0.208066,-0.243808,0.999
54,0.849662,0.0922359,0.999
55,0.612906,0.999,-0.608719
56,0.999,-0.240228,-0.511012
57,-0.581186,0.0191841,0.999
58,-0.999,-0.930822,0.366172
59,-0.845762,-0.386241,-0.999
60,-0.938076,-0.999,-0.287608
61,0.999,0.6602,-0.018314
62,-0.0142186,-0.999,-0.289299
63,0.146961,-0.986514,0.999
0,0.00766879,-0.999,-0.0614731
1,0.999,-0.363381,0.442553
2,0.795893,0.999,0.399872
3,-0.142391,0.999,0.191162
4,-0.563119,-0.982372,-0.999
5,-0.999,-0.175021,0.111351
6,-0.33935,0.544843,-0.999
7,0.999,-0.318928,0.12979
8,0.999,-0.154507,0.813613
9,-0.756627,0.999,-0.354331
10,0.999,-0.0049603,-0.369635
11,-0.999,-0.401194,-0.311116
12,0.999,0.765771,0.771167
13,-0.911215,-0.999,0.00154174
14,-0.639438,0.861131,-0.999
15,-0.164238,-0.79076,0.999
16,0.999,0.645557,-0.959934
17,0.999,-0.417964,-0.856375
18,0.266345,-0.999,0.319221
19,0.999,-0.680194,0.130408
20,0.395616,0.982706,-0.999
21,0.999,-0.129989,-0.568465
22,-0.999,-0.587283,-0.99112
23,-0.999,-0.570664,0.935643
24,0.0685741,-0.999,0.503036
25,0.49216,0.0865324,-0.999
26,0.310051,-0.851912,0.999
27,0.812178,-0.999,0.921091
28,-0.768872,0.0279805,0.999
29,-0.999,-0.699322,0.0436491
30,-0.659088,0.999,0.111876
31,0.179799,-0.00385076,0.999
32,-0.0387244,-0.23967,-0.999
33,0.739632,0.269627,-0.999
34,0.0783338,0.999,-0.193554
35,-0.513359,0.126502,-0.999
36,-0.916541,0.397368,-0.999
37,0.999,0.736883,-0.136424
38,-0.98862,-0.999,-0.766114
39,-0.999,0.252602,0.765876
40,0.216018,0.157937,-0.999
41,-0.999,-0.776423,0.531259
42,0.475542,-0.104881,0.999
43,-0.904205,-0.999,0.172056
44,-0.999,-0.378319,-0.741365
45,0.999,-0.497442,0.0767816
46,-0.344372,0.471567,0.999
47,-0.999,0.207119,0.761781
48,0.51528,-0.615761,-0.999
49,-0.764541,0.999,-0.540764
50,0.698246,-0.412275,0.999
51,-0.76006,0.999,-0.100163
52,-0.06734,0.332116,-0.999
53,-0.152733,0.999,0.372584
54,0.999,0.046518,0.472522
55,0.468861,-0.999,-0.209307
56,-0.999,-0.331624,-0.939824
57,0.999,-0.382462,-0.0578828
58,0.227181,0.999,0.737893
59,-0.999,-0.161697,-0.739268
60,-0.999,-0.955759,-0.276869
61,-0.999,0.372525,0.0593592
62,-0.247922,0.438785,-0.999
63,0.999,-0.561507,0.774155
0,-0.914541,0.999,0.242909
1,0.217418,-0.999,-0.106333
2,0.826741,0.921772,0.999
3,-0.999,-0.966745,0.732599
4,-0.508509,-0.999,-0.846877
5,0.10568,0.612596,0.999
6,-0.265589,-0.141689,0.999
7,-0.499137,-0.95532,-0.999
8,0.693537,0.279611,0.999
9,0.127176,-0.999,-0.0649666
10,0.555556,0.999,0.0333002
11,0.999,0.785989,-0.935719
12,0.384433,0.999,-0.0632481
13,0.141494,0.0493253,0.999
14,0.999,0.73673,-0.325134
15,-0.540125,-0.999,0.787152
16,0.587063,0.715391,-0.999
17,0.890805,-0.999,-0.794548
18,0.279337,0.999,-0.737828
19,-0.999,-0.785259,-0.256435
20,0.999,-0.160638,-0.44605
21,0.667744,-0.211212,-0.999
22,0.586998,-0.999,0.0185396
23,-0.814924,-0.643154,0.999
24,-0.962113,-0.0053128,0.999
25,0.999,0.00423934,-0.706751
26,0.311123,-0.999,0.926427
27,0.890511,-0.813908,0.999
28,-0.221311,0.5169,-0.999
29,0.999,-0.0888066,0.802377
30,-0.999,0.570424,0.224022
31,0.999,0.345308,0.32955
32,-0.999,0.261889,-0.688339
33,0.769215,0.999,0.799993
34,-0.095495,-0.818374,-0.999
35,-0.23215,-0.789615,0.999
36,-0.245962,0.930303,0.999
37,-0.175476,0.999,-0.622364
38,-0.323408,0.269725,0.999
39,-0.502402,-0.999,-0.28297
40,0.43269,0.999,0.151281
41,-0.351542,-0.999,0.785541
42,-0.999,-0.109793,-0.452028
43,0.414851,0.999,0.410341
44,0.999,-0.910278,-0.0618029
45,0.440534,-0.999,-0.278914
46,-0.669567,-0.426854,-0.999
47,-0.303137,0.999,0.36128
48,-0.239672,-0.938331,0.999
49,-0.999,0.941357,-0.428949
50,-0.999,0.0274807,-0.449975
51,-0.538201,0.416722,0.999
52,-0.792219,0.999,-0.309166
53,-0.732595,-0.999,-0.634169
54,0.578515,-0.0813517,-0.999
55,0.324816,0.999,0.190105
56,-0.718479,-0.34445,-0.999
57,-0.410487,-0.740494,-0.999
58,0.999,-0.217929,0.972174
59,-0.20104,0.999,0.604471
60,0.999,0.440113,0.0697999
61,0.999,0.0848493,0.137032
62,-0.339145,0.999,-0.72159
63,-0.999,0.43445,0.247257
0,-0.999,0.813759,0.271115
1,-0.999,-0.0073812,-0.961295
2,0.929494,0.66453,-0.999
3,-0.984492,-0.999,0.741758
4,0.154495,-0.784985,0.999
5,0.649038,0.999,0.561901
6,-0.191827,-0.828222,-0.999
7,-0.604319,-0.999,-0.919679
8,0.18664,0.999,0.689703
9,0.999,0.975169,0.220803
10,-0.326514,-0.999,0.834792
11,0.793274,0.908167,-0.999
12,-0.305507,0.736044,-0.999
13,0.999,0.904256,0.184737
14,-0.999,0.585044,0.496525
15,-0.999,-0.743008,0.527968
16,-0.999,0.984438,-0.844639
17,0.519209,0.999,-0.582205
18,0.28256,0.503204,-0.999
19,0.999,-0.890325,-0.643278
20,0.555304,-0.999,-0.0401139
21,-0.866733,-0.587462,0.999
22,0.999,-0.891526,0.28146
23,0.0912275,-0.999,0.682191
24,-0.999,0.0312141,0.980732
25,-0.999,-0.319689,0.443626
26,0.325593,0.999,-0.0532159
27,0.999,-0.555197,0.888706
28,0.319731,0.999,0.976203
29,0.478327,0.0702123,0.999
30,0.250197,-0.999,0.634957
31,-0.538923,0.999,-0.925707
32,0.415643,0.999,-0.23116
33,0.772504,0.917799,0.999
34,-0.112867,-0.999,-0.918405
35,-0.167571,-0.999,0.539931
36,-0.158265,0.999,0.737573
37,-0.999,0.814282,-0.963512
38,0.0594863,0.999,-0.0175706
39,-0.162909,-0.142675,-0.999
40,0.592559,0.377696,0.999
41,0.194519,-0.810437,0.999
42,-0.441771,-0.111647,-0.999
43,0.999,0.112219,0.516048
44,0.66184,-0.999,0.0528149
45,-0.691622,0.0198151,-0.999
46,-0.877024,-0.999,0.276258
47,0.999,-0.48582,-0.388735
48,-0.384006,-0.999,0.616828
49,0.999,0.451977,0.520338
50,-0.354353,0.19441,-0.999
51,-0.135082,-0.641279,-0.999
52,-0.999,0.807556,-0.111431
53,-0.943304,-0.272608,-0.999
54,0.00769198,-0.254939,0.999
55,0.180771,-0.999,0.589517
56,0.999,-0.42302,-0.630363
57,-0.999,-0.89024,-0.604963
58,0.907213,-0.362463,0.999
59,0.0338393,0.657055,0.999
60,0.197198,0.999,0.20885
61,-0.999,-0.202826,0.214706
62,-0.664071,-0.999,0.266521
63,0.136124,0.999,-0.0519393
0,-0.162248,-0.999,0.547291
1,-0.943886,0.0375104,-0.999
2,0.999,0.488019,0.372646
3,-0.575449,-0.061425,0.999
4,0.872109,-0.553343,-0.999
5,0.999,0.748771,0.279573
6,-0.173371,-0.999,-0.498828
7,-0.999,-0.830919,-0.621284
8,-0.999,-0.687425,-0.034357
9,0.988022,0.999,0.224397
10,-0.508332,-0.586954,0.999
11,0.638644,0.999,-0.950685
12,-0.999,0.471353,-0.056067
13,0.902855,0.999,0.0935473
14,0.225896,0.492099,0.999
15,0.999,0.369748,-0.598662
16,-0.907202,0.999,-0.835711
17,0.147613,-0.999,-0.369863
18,0.29233,-0.999,-0.204122
19,-0.844351,-0.987209,-0.999
20,-0.501388,0.999,0.926652
21,-0.999,-0.620138,0.82539
22,-0.129701,-0.597809,0.999
23,0.999,-0.641122,0.364467
24,0.00585848,0.999,0.496222
25,-0.0321928,-0.476356,0.999
26,0.339579,-0.93295,-0.999
27,0.340824,0.999,0.225688
28,0.32625,0.99318,0.999
29,-0.999,0.521708,0.437896
30,0.999,-0.0563882,0.881611
31,-0.629945,0.960252,-0.999
32,0.999,0.694103,-0.0423104
33,0.805376,0.106225,-0.999
34,-0.304068,0.999,-0.0313644
35,0.0490588,-0.293269,-0.999
36,0.424617,0.535761,-0.999
37,-0.910811,0.794526,-0.999
38,0.429521,0.293251,-0.999
39,0.290108,0.999,-0.0421992
40,0.947055,-0.999,-0.882969
41,0.999,-0.532293,0.682656
42,0.999,-0.116447,0.418818
43,0.265094,-0.999,0.648627
44,-0.999,-0.556764,0.617759
45,-0.999,0.297321,-0.80259
46,-0.994761,-0.673725,0.999
47,0.547735,-0.999,-0.648459
48,-0.994625,-0.7381,-0.999
49,-0.0110678,0.2047,0.999
50,0.999,0.545116,0.156559
51,0.00159776,-0.999,-0.321227
52,0.168894,-0.268509,0.999
53,-0.999,-0.0771565,-0.900565
54,-0.563131,-0.428527,-0.999
55,0.036726,0.999,0.988929
56,-0.999,-0.514417,-0.201551
57,-0.566902,-0.999,-0.316143
58,0.502341,-0.999,0.876262
59,0.999,-0.749513,-0.627984
60,-0.999,0.163015,0.416469
61,0.999,-0.490502,0.292379
62,-0.905265,0.484866,0.999
63,0.999,0.568593,-0.27964
0,0.759962,0.999,0.851673
1,0.237769,0.999,-0.169153
2,0.966753,0.407288,0.999
3,-0.112374,0.999,0.706646
4,0.999,-0.51206,-0.642745
5,-0.591638,-0.385324,-0.999
6,-0.118066,-0.484245,0.999
7,0.999,0.0182337,0.886222
8,-0.779059,-0.999,-0.16856
9,0.104219,-0.999,0.513761
10,-0.999,0.527294,0.552247
11,-0.999,0.0258288,-0.438677
12,-0.221181,0.174904,0.999
13,-0.25011,-0.149164,-0.999
14,0.999,0.433359,0.680816
15,0.286898,0.766145,-0.999
16,0.999,0.675681,-0.650212
17,-0.223983,0.999,-0.15752
18,0.305322,0.999,0.852927
19,-0.999,-0.99539,-0.968879
20,-0.581559,0.847338,0.999
21,0.40221,-0.963711,-0.999
22,-0.999,-0.371335,0.444961
23,-0.999,0.146093,-0.334424
24,0.999,0.0405464,0.0168783
25,0.999,-0.643618,0.404998
26,0.340064,-0.999,-0.966141
27,-0.505174,-0.999,-0.626534
28,0.87381,0.50426,-0.999
29,0.567063,0.999,-0.156509
30,0.639109,0.396047,0.999
31,-0.999,0.80272,-0.69696
32,-0.999,-0.348904,0.603718
33,0.838248,-0.70535,0.999
34,-0.495269,-0.999,0.855676
35,0.330268,0.622847,0.999
36,0.999,0.0784822,0.716221
37,0.999,0.366448,-0.2084
38,0.999,-0.794794,0.515601
39,0.783559,-0.245663,0.999
40,0.969099,-0.913328,-0.999
41,-0.999,0.157991,-0.102428
42,0.408,-0.118414,0.999
43,-0.999,0.918223,0.877164
44,0.125399,-0.257548,0.999
45,-0.21815,0.999,-0.305255
46,-0.999,-0.659252,0.966797
47,-0.0630612,-0.303047,-0.999
48,-0.999,-0.735803,-0.984768
49,-0.999,-0.0374022,0.529375
50,0.0104595,0.801096,0.999
51,0.268037,-0.299721,0.999
52,0.962807,-0.999,0.243469
53,-0.686543,0.999,-0.358079
54,-0.999,-0.561379,0.530898
55,0.0327333,0.943591,0.999
56,0.999,-0.605813,0.227262
57,0.999,-0.600982,0.731192
58,-0.767137,0.999,0.491416
59,0.826943,-0.999,-0.917723
60,0.666529,-0.999,0.705308
61,-0.999,-0.778177,0.370052
62,-0.988998,0.999,0.744368
63,-0.999,-0.427364,-0.806538
0,0.999,0.478689,0.930899
1,0.999,0.378143,0.366143
2,0.863999,0.150045,-0.999
3,0.759743,-0.999,0.15605
4,0.409277,-0.3217,0.999
5,-0.999,-0.676479,-0.670497
6,-0.0443045,0.202287,-0.999
7,0.848127,0.082323,0.999
8,0.583562,0.937525,-0.999
9,-0.779584,0.999,0.803125
10,-0.790416,0.999,0.362717
11,0.72831,-0.999,0.101035
12,0.999,-0.290524,-0.659033
13,-0.999,-0.89593,-0.287756
14,-0.999,0.281674,-0.140842
15,-0.13321,0.999,-0.762229
16,-0.999,0.3368,-0.455785
17,-0.595579,-0.999,0.054823
18,0.30713,0.720869,0.999
19,-0.911288,-0.999,-0.951905
20,-0.999,0.055751,0.616169
21,0.550208,-0.999,-0.806199
22,0.999,0.148856,-0.827619
23,0.904714,0.895783,-0.999
24,-0.0802911,-0.999,-0.503521
25,-0.999,-0.967546,-0.745378
26,0.354535,0.999,0.0135022
27,-0.875913,-0.122985,-0.999
28,0.999,0.391584,-0.538314
29,0.999,0.866777,-0.320832
30,0.158694,0.999,0.840963
31,0.999,-0.0482522,0.934629
32,0.227211,-0.988698,0.999
33,0.850183,-0.999,0.273243
34,-0.526378,-0.673758,0.999
35,0.446037,0.999,0.176039
36,0.903804,0.00282639,0.999
37,-0.999,-0.0813863,0.618688
38,0.891407,-0.999,0.801255
39,0.999,-0.791605,0.541864
40,0.999,-0.793237,-0.834953
41,0.999,0.848275,-0.887513
42,-0.999,-0.123101,-0.385608
43,-0.945039,0.999,0.886912
44,0.999,-0.0248057,0.701678
45,0.999,-0.0972007,0.470602
46,-0.679044,0.224696,-0.999
47,-0.999,0.76452,-0.459749
48,-0.249422,-0.41553,0.999
49,0.999,-0.526782,-0.419912
50,-0.757666,0.999,0.343621
51,0.671156,0.75828,-0.999
52,0.999,-0.964732,0.208074
53,-0.10668,-0.999,0.648673
54,-0.865046,-0.602114,0.999
55,-0.107319,-0.999,0.610659
56,-0.999,-0.697209,0.656074
57,0.59684,-0.498827,0.999
58,-0.999,0.63232,0.420824
59,0.778083,-0.927869,-0.999
60,0.999,-0.766142,0.763139
61,0.5424,-0.999,0.429945
62,-0.999,0.931311,0.710909
63,-0.265025,-0.79305,-0.999
0,0.78964,0.0248776,0.999
1,0.096423,-0.357029,0.999
2,0.761246,-0.107197,0.999
3,0.999,-0.448302,0.00436798
4,-0.308337,-0.0900577,-0.999
5,-0.545242,-0.999,-0.305476
6,0.0294569,0.88882,0.999
7,-0.999,0.867386,-0.394728
8,0.627522,0.999,-0.972177
9,-0.999,0.500458,0.875291
10,0.0916541,-0.999,-0.438775
11,0.999,-0.837646,0.185926
12,0.74787,-0.386237,-0.999
13,-0.894495,-0.999,-0.188636
14,0.999,0.129989,-0.962501
15,-0.999,0.516496,-0.273709
16,0.999,-0.00208169,-0.261358
17,-0.967175,0.999,0.267166
18,0.318314,-0.999,0.0890234
19,0.999,-0.898545,-0.582036
20,-0.440919,-0.999,0.105581
21,0.999,-0.888712,-0.220244
22,0.728219,0.21932,-0.999
23,0.999,0.933307,-0.965686
24,-0.999,-0.112307,-0.946976
25,-0.798726,-0.999,-0.860631
26,0.369005,-0.999,0.993145
27,-0.999,0.170219,-0.874
28,0.577629,0.0153399,0.999
29,-0.790387,0.32028,-0.999
30,-0.999,-0.457648,0.459801
31,0.918908,-0.0823472,0.999
32,0.248873,-0.999,0.992
33,0.87112,-0.482076,-0.999
34,-0.68647,0.999,0.256283
35,0.611476,0.460036,-0.999
36,0.233225,-0.530109,-0.999
37,-0.0774015,-0.287851,0.999
38,0.81655,-0.856228,0.999
39,0.916381,-0.999,0.367368
40,0.65336,0.55004,0.999
41,0.712582,0.947179,-0.999
42,-0.374229,-0.12518,-0.999
43,-0.31903,0.0502973,0.999
44,-0.999,0.507153,0.0221159
45,0.167809,-0.845181,0.999
46,-0.398414,0.999,0.726063
47,-0.792333,0.999,-0.340803
48,0.505531,-0.0929603,-0.999
49,-0.222544,-0.82583,-0.999
50,-0.999,0.936248,0.136857
51,0.763256,0.999,-0.542291
52,-0.270447,0.204903,-0.999
53,0.0956744,-0.301408,0.999
54,-0.294223,-0.775702,-0.999
55,-0.251364,0.999,0.211247
56,0.604283,-0.770512,0.999
57,-0.999,-0.0932041,-0.0683462
58,0.0376154,-0.999,0.106571
59,-0.408994,0.800317,0.999
60,-0.366815,0.187586,0.999
61,0.999,-0.933147,0.447725
62,-0.685076,-0.999,-0.243743
63,0.150347,-0.999,-0.889516
0,0.316828,-0.999,0.842945
1,-0.692957,-0.999,0.444638
2,0.658493,-0.364439,-0.999
3,0.367139,0.999,-0.394546
4,-0.999,0.133208,0.927709
5,0.999,0.102729,0.937579
6,0.0414022,0.999,0.675274
7,-0.686813,0.999,-0.630157
8,0.999,0.469643,-0.744899
9,-0.618103,-0.36106,0.999
10,0.709303,0.400753,-0.999
11,-0.999,0.349536,0.81053
12,-0.724442,-0.947377,0.999
13,0.358726,0.249002,0.999
14,0.907769,0.123066,-0.999
15,0.999,-0.59626,0.85292
16,-0.999,-0.340963,-0.0669316
17,-0.999,0.822419,0.285923
18,0.331307,0.999,-0.968026
19,-0.999,-0.793479,-0.195193
20,0.615774,0.999,-0.861185
21,0.0623131,-0.659039,0.999
22,-0.999,0.669047,0.101198
23,0.829645,0.999,-0.906476
24,-0.889029,-0.00628395,-0.999
25,-0.556546,-0.959756,-0.999
26,0.369107,-0.985013,0.999
27,-0.647828,0.999,-0.520245
28,0.0300688,-0.47358,-0.999
29,-0.999,0.256262,-0.919441
30,-0.567584,-0.999,0.317883
31,-0.999,-0.899224,-0.567218
32,0.999,-0.607089,0.749253
33,0.903992,0.329499,0.999
34,-0.877671,-0.999,-0.630758
35,0.892685,-0.45608,0.999
36,-0.358027,-0.999,0.763527
37,0.999,-0.529221,0.553224
38,0.0636202,0.579796,-0.999
39,0.268972,0.634001,-0.999
40,0.53758,0.999,0.384343
41,0.559617,0.999,-0.938925
42,0.999,-0.129755,0.352398
43,0.374016,-0.999,0.873802
44,0.853029,0.999,-0.607483
45,-0.00423345,-0.999,0.889424
46,-0.35385,0.875883,0.999
47,0.962069,-0.999,0.668936
48,0.999,0.118312,0.31028
49,-0.933986,-0.999,-0.66115
50,0.333434,0.591218,-0.999
51,0.999,0.377655,0.631685
52,-0.999,0.877093,-0.304718
53,0.473182,0.999,0.343575
54,0.2766,-0.94929,0.999
55,-0.395409,-0.999,-0.188165
56,0.999,-0.788605,0.914113
57,0.394833,0.260852,-0.999
58,0.999,0.516432,-0.185178
59,-0.546154,0.999,0.768026
60,-0.999,0.62973,0.889192
61,-0.999,-0.645471,0.525398
62,-0.436392,0.530947,-0.999
63,0.999,-0.57568,-0.665564
0,-0.605383,0.999,0.538563
1,-0.999,-0.748905,0.22901
2,0.555739,-0.621682,0.999
3,-0.504978,-0.999,-0.945142
4,-0.973049,0.141585,0.999
5,0.921404,0.158053,0.999
6,0.103218,0.423647,-0.999
7,-0.19639,0.790674,-0.999
8,-0.0351034,-0.999,-0.113913
9,-0.335614,-0.999,0.906511
10,0.973724,0.999,-0.758734
11,-0.392615,0.709661,0.999
12,-0.862513,-0.999,0.811537
13,0.999,0.887605,0.390774
14,-0.999,-0.0216966,-0.21484
15,0.738033,-0.741529,0.999
16,0.999,-0.679844,0.127495
17,-0.660229,-0.999,0.479509
18,0.3317,0.938534,-0.999
19,0.999,-0.688414,0.19165
20,0.767501,0.711969,-0.999
21,-0.999,-0.398563,-0.384901
22,0.272793,0.999,0.910832
23,-0.999,0.278478,-0.266796
24,0.154724,0.999,-0.495736
25,0.999,-0.707525,-0.103245
26,0.383476,0.999,0.0262114
27,0.19817,-0.999,0.331977
28,-0.517492,-0.9625,0.999
29,0.999,-0.354253,-0.160713
30,0.999,0.971683,-0.197788
31,-0.76227,-0.999,-0.760438
32,-0.999,0.435919,0.103225
33,0.93115,0.999,-0.652521
34,-0.957261,-0.16689,-0.999
35,0.999,-0.805688,0.236141
36,-0.437354,-0.935956,0.999
37,-0.999,-0.977055,-0.273864
38,-0.156699,0.999,-0.41406
39,0.123871,0.999,-0.692537
40,0.276819,-0.0144082,-0.999
41,-0.999,0.460441,-0.326403
42,0.340458,-0.131947,0.999
43,0.999,-0.0503348,0.760719
44,0.999,0.959889,-0.657446
45,-0.999,-0.10292,0.255206
46,-0.0286555,-0.022538,-0.999
47,0.999,-0.95578,0.690767
48,0.738517,0.229609,0.999
49,-0.999,-0.982839,-0.629801
50,0.999,0.418613,-0.430273
51,0.924726,0.182719,0.999
52,-0.865605,0.999,-0.177772
53,0.999,-0.817138,-0.571083
54,0.443355,-0.999,0.41503
55,-0.539454,0.999,-0.587577
56,-0.999,-0.880001,0.485301
57,0.999,0.414574,-0.594499
58,0.691907,0.999,-0.278275
59,-0.999,0.338277,0.00376457
60,-0.468744,0.999,0.797234
61,0.999,-0.357796,0.603072
62,-0.36015,0.999,-0.767146
63,-0.999,0.420277,-0.138666
0,-0.999,0.14362,0.408316
1,0.75104,0.676548,-0.999
2,0.452986,-0.878924,-0.999
3,-0.59187,-0.799832,-0.999
4,-0.255435,0.373227,-0.999
5,-0.259478,0.999,0.0490513
6,0.17698,-0.262885,0.999
7,0.999,0.282461,-0.0967665
8,-0.999,0.372288,0.474844
9,0.548189,0.999,0.617147
10,0.999,0.939452,-0.734858
11,0.0962636,0.999,0.846246
12,-0.999,-0.9466,0.624866
13,0.886135,0.999,0.283725
14,0.999,-0.173382,0.606818
15,0.273705,-0.999,0.737306
16,-0.889542,-0.999,0.311179
17,-0.288633,0.999,0.691851
18,0.344299,-0.999,0.0260755
19,-0.999,-0.583349,0.578493
20,0.999,0.27214,-0.786288
21,-0.526836,-0.28279,-0.999
22,0.412861,0.962551,0.999
23,0.999,-0.508736,0.432094
24,0.999,0.184068,-0.0881706
25,-0.918101,-0.396868,0.999
26,0.397947,-0.999,-0.953432
27,0.861315,0.567938,0.999
28,-0.55949,-0.999,0.845677
29,-0.999,-0.964768,0.598014
30,0.976475,0.999,-0.205198
31,-0.468761,-0.874054,-0.999
32,0.0821028,0.999,-0.246161
33,0.936864,0.857927,-0.999
34,-0.999,0.279948,-0.800719
35,0.939355,-0.999,-0.187854
36,-0.999,-0.488799,-0.678251
37,-0.896581,-0.999,-0.31624
38,-0.689309,-0.0168198,0.999
39,-0.66864,-0.999,0.981295
40,0.0232153,-0.999,0.347345
41,0.999,-0.229842,0.458681
42,-0.999,-0.136409,-0.319188
43,0.305929,0.999,0.635517
44,-0.00865549,0.69174,-0.999
45,0.226617,0.999,-0.525407
46,0.296539,-0.920959,0.999
47,0.461713,-0.343585,0.999
48,-0.0164359,0.552179,-0.999
49,0.999,-0.493459,0.319487
50,-0.677327,-0.0154677,0.999
51,0.521607,-0.875281,-0.999
52,0.372001,-0.141296,0.999
53,0.945956,-0.999,-0.663178
54,0.847423,-0.876123,-0.999
55,-0.683499,-0.999,-0.986989
56,0.999,-0.971397,0.0564885
57,-0.999,0.922352,0.741655
58,-0.577571,-0.999,-0.66312
59,-0.402929,-0.529503,-0.999
60,0.999,-0.0266021,0.542523
61,-0.999,-0.0701202,0.680745
62,-0.0352234,-0.999,0.220965
63,0.16457,0.999,0.168029
0,-0.471407,-0.999,0.234181
1,0.999,0.879333,-0.824162
2,0.404623,-0.999,-0.0581322
3,-0.999,0.135651,-0.741335
4,0.462179,0.60487,0.999
5,-0.999,0.471021,-0.546655
6,0.250741,-0.949418,-0.999
7,-0.455347,-0.33533,0.999
8,-0.557315,0.999,0.74435
9,0.999,-0.022914,0.46922
10,0.143206,-0.999,0.0427573
11,0.999,0.462282,0.563866
12,0.197753,-0.490483,-0.999
13,-0.467342,-0.34884,-0.999
14,0.0424345,-0.245967,0.999
15,-0.999,-0.289984,0.019451
16,-0.999,-0.980275,0.321922
17,0.0829632,-0.999,0.904194
18,0.35627,0.842801,0.999
19,0.999,-0.478283,0.965335
20,0.326533,-0.999,-0.171049
21,0.999,0.0915863,0.990046
22,0.999,0.809762,0.625222
23,-0.248483,-0.999,0.868239
24,-0.229156,-0.999,0.504007
25,-0.999,-0.383596,0.951869
26,0.398635,-0.903976,-0.999
27,0.999,0.895635,0.859295
28,-0.999,-0.605666,-0.762511
29,-0.883641,-0.999,0.641799
30,-0.613634,-0.999,-0.728278
31,0.999,-0.248804,0.199807
32,0.999,0.520074,-0.542804
33,0.969737,0.0463527,0.999
34,-0.930128,0.999,-0.481202
35,0.825106,-0.626804,-0.999
36,-0.891067,-0.403021,-0.999
37,0.756008,-0.628772,-0.999
38,-0.999,-0.609385,0.174127
39,-0.677496,-0.976661,0.999
40,-0.0997218,-0.521224,0.999
41,-0.379318,-0.705796,0.999
42,-0.306687,-0.138713,-0.999
43,-0.999,-0.980107,0.399602
44,-0.999,0.427931,-0.661991
45,0.971761,0.328453,-0.999
46,0.325149,-0.999,0.823133
47,-0.717471,0.999,0.320326
48,-0.771389,0.874749,0.999
49,-0.434019,-0.142639,0.999
50,-0.999,-0.0990229,0.72369
51,0.474087,-0.999,-0.763355
52,0.999,-0.719918,0.401362
53,0.751956,-0.330208,-0.999
54,0.999,-0.829724,-0.464683
55,-0.688191,-0.933881,-0.999
56,0.373408,-0.999,-0.0777095
57,-0.693318,0.999,0.945977
58,-0.999,-0.333817,-0.79118
59,-0.0797484,-0.999,-0.454774
60,-0.394983,-0.999,0.300776
61,0.999,0.217555,0.758418
62,0.220951,0.577029,0.999
63,0.999,0.582766,0.388232
0,0.450803,0.999,-0.0702015
1,0.850856,0.999,-0.720124
2,0.350233,-0.862834,0.999
3,-0.621904,0.999,-0.503262
4,0.999,0.778476,-0.499164
5,-0.435446,0.069218,-0.999
6,0.256176,-0.999,-0.851719
7,-0.999,-0.566692,0.588261
8,-0.138339,0.40356,0.999
9,0.567008,-0.999,0.327783
10,-0.738864,0.999,0.844249
11,-0.999,-0.724901,-0.0607374
12,0.999,-0.184723,0.090234
13,-0.999,-0.879279,-0.493793
14,-0.999,-0.325067,0.570523
15,0.809832,0.716913,-0.999
16,0.999,-0.641393,0.516349
17,0.250622,-0.0970817,0.999
18,0.357291,0.999,0.915875
19,0.819872,-0.468868,0.999
20,-0.73016,0.999,0.795717
21,0.991359,0.0934599,0.999
22,-0.999,0.289571,-0.647357
23,-0.625352,-0.850587,0.999
24,-0.999,-0.255828,0.875683
25,0.999,-0.0596676,-0.198507
26,0.412417,0.999,-0.0659251
27,0.954832,0.999,0.814801
28,-0.933948,-0.54758,-0.999
29,0.0601014,-0.710772,0.999
30,-0.999,-0.513281,-0.855377
31,0.0186147,0.168545,0.999
32,-0.415698,-0.218066,-0.999
33,0.999,-0.700814,-0.841356
34,-0.738927,-0.999,0.405839
35,0.543897,0.289313,0.999
36,-0.220488,0.129914,0.999
37,0.999,-0.57411,-0.898048
38,-0.794194,-0.999,-0.369625
39,-0.999,-0.163188,0.317852
40,-0.476263,0.942144,-0.999
41,-0.999,-0.920126,0.755234
42,0.999,-0.143063,0.285978
43,-0.985874,-0.999,0.397231
44,0.999,-0.104027,0.017571
45,0.999,0.303041,-0.981014
46,0.621733,-0.17962,-0.999
47,-0.999,0.67708,0.157717
48,-0.999,0.972428,0.393672
49,-0.999,-0.00407985,0.730226
50,0.999,-0.616659,-0.981894
51,0.118488,-0.0657181,0.999
52,0.695016,-0.999,0.112075
53,0.366094,0.999,-0.32907
54,0.580754,-0.702535,0.999
55,-0.827544,0.999,-0.612599
56,-0.999,-0.936207,-0.372324
57,-0.612494,0.97847,0.999
58,-0.310173,0.750853,-0.999
59,0.784148,0.258689,0.999
60,-0.999,-0.576526,0.195854
61,-0.999,0.505231,0.836091
62,0.289703,0.999,0.789924
63,-0.999,-0.413191,0.91513
0,0.999,-0.191449,-0.251468
1,-0.999,-0.50857,0.579686
2,0.24748,-0.605592,-0.999
3,0.250213,-0.999,0.0473339
4,0.819207,0.836512,-0.999
5,0.999,-0.954229,0.155731
6,0.324502,-0.363049,0.999
7,0.0210549,-0.999,-0.180993
8,0.849266,-0.999,0.396387
9,-0.316794,0.999,0.0384188
10,-0.910274,0.610541,0.999
11,-0.535783,-0.999,-0.205473
12,0.328936,0.0706578,0.999
13,-0.877774,-0.999,-0.378814
14,0.999,-0.476752,-0.251136
15,0.999,0.822771,-0.891822
16,-0.999,-0.302512,0.710776
17,0.454559,0.999,0.882463
18,0.370283,-0.999,-0.141174
19,-0.999,-0.373218,0.646822
20,-0.953444,0.576601,0.999
21,-0.543118,0.469709,-0.999
22,-0.44506,0.145422,-0.999
23,-0.999,-0.703049,0.868016
24,-0.741171,-0.00725533,0.999
25,-0.393748,0.166021,-0.999
26,0.426888,-0.999,0.913718
27,0.108834,-0.999,-0.0374202
28,-0.386387,-0.0586603,0.999
29,0.999,-0.423717,0.642258
30,-0.55936,0.0394105,-0.999
31,-0.999,0.602168,0.167604
32,-0.999,-0.522934,-0.810168
33,0.996391,-0.765222,-0.999
34,-0.610856,0.339978,0.999
35,0.325747,0.999,-0.551746
36,0.450091,0.662849,-0.999
37,-0.999,-0.126276,-0.07096
38,-0.556762,-0.546157,-0.999
39,-0.53785,0.999,-0.656125
40,-0.49115,0.999,-0.919967
41,-0.767693,-0.999,0.664391
42,0.272916,-0.145479,0.999
43,0.333182,0.999,0.158946
44,-0.999,-0.635986,0.697133
45,-0.449001,-0.999,-0.0587614
46,0.946928,0.718801,0.999
47,0.472872,-0.999,-0.689412
48,-0.93447,0.999,0.222806
49,0.999,0.4853,-0.219061
50,0.97778,-0.622154,-0.999
51,-0.284631,0.992283,-0.999
52,-0.473555,0.0776897,-0.999
53,-0.213768,-0.999,0.677682
54,0.00993049,-0.528948,-0.999
55,-0.971589,-0.999,-0.213187
56,0.999,-0.84481,-0.801136
57,0.999,0.56887,-0.0788096
58,-0.151951,0.999,-0.951034
59,0.999,0.572933,0.635513
60,0.999,0.819346,-0.150816
61,0.999,0.792907,0.913764
62,0.614629,-0.999,-0.198187
63,-0.677011,-0.573615,0.999
0,0.625987,-0.999,-0.374584
1,-0.400497,-0.996067,0.999
2,0.144726,-0.348349,0.999
3,0.999,0.719604,0.520699
4,0.312732,0.999,0.411845
5,0.934803,-0.999,0.207373
6,0.398264,0.323483,-0.999
7,0.999,-0.583155,-0.919245
8,0.999,-0.78478,0.304412
9,-0.999,-0.546287,-0.185268
10,-0.999,0.407197,0.91747
11,0.999,-0.0869169,-0.685341
12,-0.999,0.577153,-0.805334
13,0.575958,0.448678,0.999
14,-0.8229,-0.614999,-0.999
15,0.680619,0.999,-0.712384
16,0.999,0.0363692,0.905203
17,0.826155,-0.999,0.67012
18,0.380839,0.625136,-0.999
19,0.999,-0.268152,0.259979
20,-0.999,0.488529,0.956406
21,-0.999,0.581736,-0.403809
22,0.999,-0.23062,-0.0790634
23,0.999,0.084165,0.169125
24,0.303589,0.999,0.49525
25,-0.999,0.264261,-0.650117
26,0.428162,-0.822938,0.999
27,-0.737164,0.999,-0.889642
28,0.161174,0.43026,-0.999
29,-0.999,0.186798,-0.116469
30,0.204743,0.999,-0.747642
31,-0.0644623,0.999,-0.595168
32,-0.0846671,-0.999,-0.514678
33,0.986882,-0.999,-0.420714
34,-0.547727,0.999,0.706121
35,0.262689,0.793571,-0.999
36,0.874319,0.999,0.265627
37,0.999,0.321558,0.756128
38,0.196168,0.889867,0.999
39,-0.375036,0.588322,-0.999
40,-0.852803,-0.406512,0.999
41,0.999,-0.38859,-0.0298503
42,-0.999,-0.149717,-0.252768
43,0.999,-0.0115489,0.0384858
44,-0.108088,-0.873068,0.999
45,-0.999,-0.503161,0.292178
46,0.999,0.865424,0.67276
47,0.999,-0.398381,-0.992798
48,-0.472659,0.801681,-0.999
49,-0.645494,0.887892,-0.999
50,-0.481384,-0.999,0.245986
51,-0.287571,0.999,-0.984418
52,-0.999,0.562742,-0.498006
53,-0.399415,-0.359008,0.999
54,-0.560893,-0.35536,0.999
55,-0.999,-0.604725,-0.134409
56,0.0719551,-0.802425,-0.999
57,-0.379179,0.218791,-0.999
58,0.999,-0.814934,-0.601818
59,0.705651,0.999,0.141523
60,0.74029,0.999,-0.195682
61,-0.44005,0.999,0.96968
62,0.878294,0.62311,-0.999
63,0.178793,-0.999,0.773426
0,-0.296224,0.999,-0.678966
1,-0.395668,-0.999,0.995609
2,0.041973,-0.0911069,-0.999
3,0.87667,0.999,0.59793
4,0.101593,0.930845,0.999
5,-0.0505118,-0.296489,0.999
6,0.470949,0.999,0.970836
7,0.891916,-0.537667,-0.999
8,-0.256847,0.999,-0.461877
9,-0.798403,-0.999,-0.250945
10,-0.378066,-0.999,0.35326
11,-0.0080443,0.511155,-0.999
12,-0.855624,0.631798,-0.999
13,0.999,0.870954,0.596811
14,-0.999,-0.628438,-0.926206
15,-0.999,0.0634727,0.234807
16,0.0243432,0.201598,0.999
17,0.999,-0.063802,0.570779
18,0.383276,0.999,-0.800776
19,-0.999,-0.163087,-0.126864
20,-0.212148,-0.999,0.236516
21,0.0785956,0.845959,0.999
22,-0.69602,-0.671708,0.999
23,-0.999,0.87138,-0.529765
24,0.999,0.327589,0.159463
25,0.999,0.58819,0.50026
26,0.441359,0.999,0.105639
27,-0.846717,0.74014,-0.999
28,0.708734,0.919179,0.999
29,0.999,0.797313,-0.875197
30,0.999,-0.000754714,-0.486035
31,0.431532,0.787856,-0.999
32,0.999,-0.433059,-0.164139
33,0.963519,-0.422204,0.999
34,-0.356526,-0.999,-0.18092
35,-0.0185201,-0.122545,0.999
36,0.999,0.899117,0.640282
37,0.409583,0.453605,0.999
38,0.253912,0.999,0.845691
39,0.25466,-0.999,0.330956
40,-0.999,-0.978568,0.217555
41,-0.999,0.301694,-0.814935
42,-0.239145,-0.152246,-0.999
43,0.346763,-0.999,-0.0793399
44,0.368898,-0.999,0.836848
45,0.11233,0.496913,0.999
46,0.950289,0.999,0.373327
47,0.986487,-0.384123,-0.999
48,0.282294,0.479112,0.999
49,-0.999,0.974679,-0.830652
50,-0.999,-0.864706,0.688478
51,-0.68775,-0.0512832,0.999
52,-0.524428,0.999,-0.0463781
53,-0.79363,0.999,0.314566
54,-0.999,-0.221827,-0.538737
55,-0.883366,0.999,0.186225
56,-0.999,-0.753414,-0.769051
57,-0.999,0.0610924,-0.584036
58,0.881473,-0.999,-0.566189
59,0.0277744,0.0121245,-0.999
60,-0.999,-0.216219,-0.497485
61,-0.999,0.918418,0.991438
62,0.939556,0.999,-0.812702
63,0.999,-0.589852,0.556972
0,-0.999,-0.526519,-0.911252
1,0.999,0.137808,0.0154663
2,-0.0607803,0.166135,0.999
3,0.23981,-0.460761,0.999
4,-0.616022,0.699203,-0.999
5,-0.999,0.380478,0.235194
6,0.472025,0.988984,0.999
7,-0.999,0.265998,0.427751
8,-0.999,-0.0571514,-0.915331
9,0.0853993,0.999,-0.540309
10,0.504004,0.999,-0.448232
11,-0.831171,0.999,-0.741807
12,0.110458,0.999,0.312678
13,0.869414,0.999,0.473904
14,0.999,-0.780123,-0.104547
15,0.358696,-0.692297,0.999
16,-0.999,0.37525,0.89937
17,0.801249,0.999,0.457777
18,0.396268,-0.999,0.256273
19,0.999,-0.0580215,-0.513707
20,0.844545,0.999,-0.73025
21,0.706828,0.999,0.180586
22,-0.999,-0.750811,0.805484
23,-0.67239,0.999,-0.643954
24,-0.378022,-0.999,-0.504493
25,0.130605,0.728909,0.999
26,0.455829,-0.999,-0.874004
27,-0.999,0.377949,-0.844589
28,0.799248,0.999,0.668557
29,0.670184,0.897736,-0.999
30,0.204148,-0.999,-0.224561
31,0.999,0.54586,-0.535015
32,-0.999,0.609948,0.481889
33,0.930647,0.389371,-0.999
34,-0.179974,0.846846,-0.999
35,-0.287861,-0.999,-0.915639
36,0.87833,0.803216,0.999
37,-0.999,0.769393,0.415784
38,0.949097,-0.326891,-0.999
39,0.571433,-0.199984,0.999
40,-0.993485,-0.999,0.188279
41,-0.527783,0.464412,-0.999
42,0.999,-0.156371,0.219558
43,-0.972292,0.999,-0.317625
44,0.999,-0.831056,0.622304
45,0.671384,0.999,0.64293
46,0.726878,0.381778,-0.999
47,-0.228274,0.999,-0.299849
48,0.999,0.172456,-0.901376
49,-0.89557,0.999,-0.781535
50,-0.633886,-0.770161,0.999
51,-0.999,-0.870796,-0.549398
52,0.575109,-0.0140832,0.999
53,-0.999,0.287567,-0.0437319
54,-0.867284,-0.181772,-0.999
55,-0.739321,-0.999,0.585637
56,0.999,-0.662018,-0.340239
57,0.999,-0.446686,0.752118
58,-0.388005,0.999,-0.181343
59,-0.667446,-0.999,0.171729
60,0.123437,-0.999,-0.69214
61,-0.778637,0.886705,0.999
62,0.999,0.627136,-0.628889
63,-0.999,0.406105,0.0300744
0,-0.780566,-0.999,-0.983348
1,-0.0595194,0.999,-0.727905
2,-0.163534,0.423378,-0.999
3,0.00455223,-0.999,0.850474
4,-0.999,0.575256,0.0706182
5,-0.130083,0.999,-0.463798
6,0.545787,0.302451,-0.999
7,-0.24018,0.588336,0.999
8,-0.860239,-0.254355,-0.999
9,0.969202,-0.999,-0.829673
10,0.999,-0.125057,-0.898918
11,-0.999,0.898735,-0.689056
12,0.616687,0.806062,0.999
13,-0.684574,-0.548516,-0.999
14,-0.999,-0.931808,0.717112
15,0.911466,-0.999,0.687461
16,0.999,0.714132,0.704943
17,0.429653,-0.999,0.245435
18,0.405409,0.407471,0.999
19,-0.999,0.0470439,-0.90055
20,0.999,0.704918,-0.872475
21,0.999,0.927115,-0.201336
22,-0.0414115,-0.999,0.195875
23,0.34599,0.597958,-0.999
24,-0.999,-0.39935,-0.804391
25,-0.999,0.912118,0.348364
26,0.45769,-0.741901,-0.999
27,-0.415837,-0.999,-0.257137
28,0.999,0.819748,-0.0643352
29,0.335344,0.999,-0.87191
30,-0.999,0.51479,0.171554
31,-0.881678,-0.254743,0.999
32,-0.251437,0.999,0.723484
33,0.905914,0.999,0.50505
34,-0.165325,0.999,-0.931039
35,-0.299729,-0.960338,-0.999
36,0.207751,0.27028,-0.999
37,0.0303618,0.999,-0.0101155
38,0.999,-0.423975,-0.863854
39,0.999,0.881019,0.0938393
40,-0.769656,-0.12912,-0.999
41,0.999,0.991978,-0.398981
42,0.205374,-0.159012,0.999
43,-0.999,0.957009,-0.322631
44,-0.999,-0.299098,-0.0572579
45,0.999,0.703282,0.43363
46,0.401683,-0.516643,0.999
47,-0.999,0.11968,0.144314
48,0.961753,0.156542,-0.999
49,0.999,0.534941,0.118635
50,0.999,-0.34707,-0.395062
51,-0.949771,-0.999,-0.793518
52,0.999,-0.405567,0.59465
53,-0.625507,-0.999,-0.692187
54,-0.296461,-0.00818482,0.999
55,-0.595276,0.999,0.985049
56,-0.999,-0.570622,0.0885737
57,0.628148,-0.540888,0.999
58,-0.999,0.0353141,0.00418435
59,-0.999,-0.514857,0.731739
60,0.999,-0.386909,-0.844154
61,0.999,0.630742,0.929889
62,0.734518,-0.999,0.175409
63,0.193016,0.999,-0.284118
0,-0.730113,-0.889637,-0.999
1,-0.446967,0.683414,-0.999
2,-0.266287,0.68062,0.999
3,-0.867565,0.999,0.299878
4,-0.665365,0.46756,0.999
5,0.53647,0.52376,-0.999
6,0.619548,-0.384081,0.999
7,0.728923,0.999,0.268171
8,-0.335572,-0.999,-0.67886
9,0.999,-0.929341,-0.839757
10,0.887756,-0.377166,-0.999
11,0.999,-0.288448,-0.0644519
12,0.999,0.65997,0.478565
13,-0.999,-0.862629,-0.699829
14,-0.310765,-0.984032,0.999
15,0.999,-0.949717,0.637564
16,-0.687286,0.999,0.540932
17,0.0580568,0.999,0.0330918
18,0.40926,0.999,0.685677
19,-0.485096,0.0740541,-0.999
20,0.859613,0.441233,-0.999
21,0.385927,0.776791,-0.999
22,0.999,-0.727998,-0.467096
23,0.999,0.340406,-0.770345
24,-0.593313,-0.00822654,-0.999
25,-0.456672,0.999,0.036267
26,0.4703,0.999,-0.145352
27,0.430161,0.999,0.595085
28,0.742705,0.590901,-0.999
29,-0.999,0.591172,-0.365076
30,-0.613039,0.999,0.298519
31,-0.999,-0.305113,0.902426
32,0.604185,0.552567,0.999
33,0.897775,0.798055,0.999
34,0.0258762,-0.999,-0.0439987
35,-0.580938,-0.0442218,0.999
36,-0.462828,-0.262655,0.999
37,0.999,0.781773,-0.411304
38,0.696981,-0.999,-0.0620059
39,0.95183,0.999,-0.00578733
40,-0.47912,0.999,0.543409
41,0.975768,0.999,-0.389857
42,-0.999,-0.163025,-0.186348
43,0.292347,-0.999,-0.555911
44,0.999,0.232861,-0.73682
45,-0.893768,-0.999,-0.771901
46,0.226726,-0.999,-0.0764773
47,-0.016324,-0.999,0.709889
48,0.2068,-0.166028,0.999
49,-0.85697,0.0805775,0.999
50,0.289993,-0.163475,-0.999
51,-0.908132,-0.889716,-0.999
52,0.35384,-0.999,-0.0193189
53,-0.448215,-0.387808,-0.999
54,0.274362,0.165403,-0.999
55,-0.589884,0.924171,0.999
56,0.999,-0.479226,0.517386
57,-0.999,-0.954463,-0.089273
58,-0.341517,-0.999,0.203502
59,-0.839697,-0.282938,0.999
60,0.100348,0.240607,-0.999
61,-0.999,0.343067,0.852216
62,0.463363,0.669191,0.999
63,0.999,0.596939,-0.496823
0,0.141644,0.999,-0.71127
1,-0.999,0.232954,-0.610619
2,-0.36904,0.937862,-0.999
3,-0.999,0.695444,0.216268
4,0.0522496,0.235918,-0.999
5,0.999,0.193272,-0.626118
6,0.685723,-0.999,-0.794391
7,0.999,0.88385,0.0637432
8,0.999,0.899083,0.136075
9,0.509569,0.177662,-0.999
10,0.612926,-0.999,-0.749277
11,-0.199125,-0.999,0.309912
12,-0.0899989,0.244921,-0.999
13,-0.861054,-0.999,-0.568993
14,-0.100325,-0.999,0.912502
15,-0.999,0.163039,-0.489065
16,-0.999,0.945987,0.510517
17,-0.313539,-0.999,-0.179251
18,0.422253,-0.999,-0.371372
19,0.999,0.152109,-0.711607
20,0.097762,-0.999,-0.301984
21,-0.999,0.436966,0.806481
22,0.1619,-0.510163,-0.999
23,-0.999,-0.446808,-0.0714548
24,0.452454,0.999,-0.494764
25,0.999,0.762953,-0.802012
26,0.484771,-0.999,0.834291
27,0.832119,0.0492175,0.999
28,0.195145,0.101981,0.999
29,0.999,-0.0193427,0.393652
30,0.97707,-0.999,0.821599
31,0.633345,-0.999,-0.429899
32,0.999,0.346044,0.871082
33,0.864903,-0.0135193,-0.999
34,0.217077,0.999,0.843042
35,-0.862146,0.871895,-0.999
36,-0.999,-0.689566,-0.602312
37,-0.423827,0.463018,-0.999
38,0.296974,-0.236086,0.999
39,0.481099,-0.188355,-0.999
40,-0.393115,0.664752,0.999
41,-0.999,0.316739,0.386104
42,-0.171603,-0.165779,-0.999
43,0.999,0.073433,-0.683747
44,0.224831,0.438877,-0.999
45,-0.999,-0.903403,-0.839562
46,0.076489,-0.583936,-0.999
47,0.487738,-0.424661,0.999
48,-0.548152,-0.488598,-0.999
49,-0.999,0.0455619,0.931078
50,-0.999,0.170565,0.101646
51,-0.505013,0.168285,0.999
52,-0.676662,-0.0495234,-0.999
53,-0.0456453,0.999,-0.300061
54,0.845185,0.33899,0.999
55,-0.451231,-0.999,0.614539
56,-0.999,-0.38783,0.946199
57,-0.819734,-0.999,-0.209097
58,0.927961,0.999,0.588347
59,0.0415429,0.999,-0.48498
60,-0.987164,0.999,-0.810402
61,0.999,0.0553911,0.774543
62,0.409592,0.999,0.83548
63,-0.910003,-0.354179,-0.999
0,0.999,-0.861588,-0.427964
1,0.514707,-0.999,0.45242
2,-0.39386,0.999,-0.516136
3,-0.259317,-0.999,-0.250718
4,0.769864,0.00427502,0.999
5,-0.674637,-0.999,0.720223
6,0.693309,-0.928386,-0.999
7,-0.411557,0.284661,-0.999
8,0.927991,0.999,0.179403
9,0.145995,0.999,-0.879963
10,-0.269143,0.999,0.0522144
11,-0.999,-0.52337,0.560152
12,-0.999,-0.101907,0.236535
13,0.79319,0.648354,0.999
14,0.999,-0.915507,0.46023
15,-0.092439,0.667682,-0.999
16,0.999,0.607106,0.31609
17,-0.685135,0.999,-0.391594
18,0.429979,0.189806,-0.999
19,-0.999,0.257175,-0.324764
20,-0.958931,0.999,0.664783
21,-0.850451,0.400542,0.999
22,-0.999,-0.207807,-0.259325
23,0.405738,-0.999,0.41967
24,0.999,0.47111,-0.230755
25,0.654958,0.707203,-0.999
26,0.487218,-0.660864,0.999
27,0.999,-0.347467,0.829884
28,-0.352416,-0.386939,-0.999
29,-0.59853,-0.507244,0.999
30,0.999,-0.970174,0.829142
31,0.999,-0.842915,-0.729164
32,-0.999,-0.696963,0.225054
33,0.83203,-0.825094,0.999
34,0.250909,0.645286,0.999
35,-0.901469,0.999,-0.719469
36,-0.865593,-0.79559,-0.999
37,-0.999,0.333938,-0.760608
38,-0.351125,0.999,-0.721679
39,0.159319,-0.999,-0.319382
40,-0.016574,-0.798615,-0.999
41,0.564116,-0.223028,0.999
42,0.999,-0.169679,0.153138
43,0.387598,0.999,-0.794196
44,-0.999,0.764819,-0.582617
45,-0.747101,-0.676722,-0.999
46,-0.248705,0.314484,0.999
47,0.999,0.15902,0.70417
48,-0.999,-0.681659,0.197424
49,0.999,-0.443818,-0.0182097
50,0.0539009,0.443211,0.999
51,-0.188113,0.999,-0.572454
52,-0.999,0.248391,-0.691294
53,0.534217,-0.999,0.706691
54,0.999,0.38607,0.456844
55,-0.307186,0.999,0.215127
56,-0.748193,-0.376363,0.999
57,0.363524,-0.698434,-0.999
58,0.999,0.885563,0.610186
59,0.34738,0.553752,-0.999
60,-0.999,0.990037,-0.808176
61,-0.999,-0.232285,0.69687
62,0.0846654,-0.999,-0.152631
63,-0.999,-0.399018,-0.975279
0,0.935145,-0.999,-0.406888
1,0.999,-0.603716,0.793229
2,-0.471793,0.803895,0.999
3,0.6128,0.999,-0.801314
4,0.999,-0.0700119,0.357928
5,-0.999,-0.767022,0.981958
6,0.767071,-0.241853,0.999
7,-0.999,0.0346967,-0.555237
8,-0.41686,-0.912269,0.999
9,-0.737807,-0.999,-0.590599
10,-0.999,-0.657311,0.716306
11,0.408704,0.312649,0.999
12,-0.43669,-0.316219,0.999
13,0.999,0.854303,0.802848
14,-0.999,-0.763821,-0.361429
15,0.504551,0.999,-0.662538
16,-0.999,0.268225,0.121663
17,-0.999,-0.694815,-0.571518
18,0.435245,0.999,-0.570578
19,0.999,0.36224,0.062079
20,-0.999,0.921307,0.702357
21,0.684026,0.0242922,-0.999
22,0.97918,0.306966,0.999
23,0.999,-0.764977,0.627435
24,-0.526887,-0.999,0.504979
25,-0.999,0.439025,-0.0466114
26,0.499241,0.999,0.185066
27,0.722841,-0.999,0.551693
28,-0.899976,-0.875859,0.999
29,-0.999,-0.629858,0.846621
30,0.479611,-0.317226,0.999
31,0.667175,-0.701658,-0.999
32,-0.418207,-0.999,0.0373555
33,0.824946,-0.999,0.568186
34,0.408278,-0.999,0.268917
35,-0.999,0.678009,-0.0190549
36,-0.608388,-0.999,-0.232273
37,0.999,-0.113896,0.0664803
38,-0.455956,0.799062,-0.999
39,-0.465369,0.576693,0.999
40,0.0352445,-0.999,-0.723903
41,0.999,-0.373545,0.827812
42,0.137832,-0.172545,0.999
43,-0.75165,-0.727507,-0.999
44,-0.115233,0.999,-0.28218
45,0.999,0.895477,0.113754
46,-0.496836,0.999,-0.526282
47,0.260922,0.999,0.279373
48,-0.695895,-0.811168,0.999
49,-0.999,-0.933197,-0.967497
50,0.999,0.688201,0.191771
51,-0.101894,0.772715,-0.999
52,-0.183252,0.999,0.085016
53,0.703155,-0.416608,0.999
54,0.582992,0.512578,-0.999
55,-0.163141,-0.999,-0.184285
56,0.999,-0.296434,0.623989
57,0.999,-0.536759,-0.573572
58,-0.198439,-0.999,0.973193
59,0.999,-0.396353,0.099991
60,0.999,-0.405835,-0.461507
61,0.999,-0.51996,0.619196
62,-0.19398,0.715273,-0.999
63,0.20724,-0.999,-0.657337
0,0.0129352,0.999,-0.102506
1,0.70457,-0.363895,0.999
2,-0.574547,0.546653,-0.999
3,0.92751,0.277647,-0.999
4,0.511522,-0.227367,-0.999
5,-0.976572,-0.751032,0.999
6,0.840832,0.444679,-0.999
7,0.999,-0.814456,0.952268
8,-0.478591,-0.999,0.961333
9,-0.999,-0.405968,-0.504755
10,-0.847787,-0.999,0.853706
11,0.999,0.663813,0.814245
12,0.999,-0.863783,-0.951635
13,0.852694,0.999,0.664082
14,0.554569,-0.645936,-0.999
15,0.999,0.723205,-0.383305
16,0.999,-0.0706567,-0.0727641
17,-0.942269,-0.999,-0.603937
18,0.448237,-0.999,0.486471
19,-0.999,0.467305,0.448922
20,-0.673671,0.305865,0.999
21,0.999,-0.0531836,-0.587374
22,0.999,0.312384,0.985745
23,-0.0666274,-0.345329,0.999
24,-0.999,-0.542871,0.733099
25,0.819689,0.144314,0.999
26,0.513712,-0.999,-0.794577
27,-0.123157,0.999,-0.300528
28,-0.999,-0.965171,0.63384
29,0.212952,-0.999,0.38662
30,-0.568179,0.999,0.65432
31,-0.999,0.00805682,0.361753
32,0.999,-0.25903,-0.420975
33,0.799158,-0.362332,-0.999
34,0.599479,0.999,-0.618123
35,-0.855645,0.210989,0.999
36,-0.195014,-0.670475,0.999
37,-0.999,-0.561731,0.893568
38,-0.999,-0.238566,0.445418
39,-0.633191,0.999,0.644551
40,0.359967,0.262983,0.999
41,-0.815157,-0.999,0.115322
42,-0.999,-0.176333,-0.119929
43,-0.931457,-0.999,-0.966518
44,0.999,0.702223,0.0969449
45,0.882849,0.999,0.187733
46,-0.5739,0.786095,-0.999
47,-0.999,-0.43772,-0.446346
48,-0.253945,-0.999,-0.171215
49,-0.930555,-0.949953,-0.999
50,-0.205103,0.999,-0.835593
51,0.301225,-0.285286,0.999
52,0.778216,0.11313,0.999
53,0.999,0.606728,0.48362
54,0.0121689,0.686166,0.999
55,-0.0190958,0.999,-0.583697
56,-0.999,-0.205037,0.195177
57,-0.999,-0.0289806,0.762582
58,-0.286866,-0.859757,0.999
59,0.58436,-0.999,0.798232
60,0.148109,-0.999,-0.313944
61,-0.999,-0.807636,0.541523
62,-0.240261,0.999,-0.858259
63,0.999,-0.604025,-0.448381
0,-0.909275,-0.999,0.201876
1,-0.969894,0.999,-0.176934
2,-0.6773,0.289411,0.999
3,0.999,0.111491,-0.953235
4,-0.206092,-0.45901,0.999
5,0.999,0.658228,-0.591034
6,0.900496,0.999,0.617946
7,0.935706,-0.841343,0.999
8,-0.999,-0.257985,0.643181
9,-0.37739,0.999,-0.301235
10,-0.686785,-0.634127,0.999
11,0.432922,0.999,0.637369
12,0.963378,-0.87736,-0.999
13,-0.901806,-0.748192,-0.999
14,0.999,-0.612136,-0.815912
15,-0.999,-0.38955,0.743324
16,-0.999,-0.409538,-0.267191
17,-0.570673,0.999,-0.816279
18,0.454549,-0.0278592,0.999
19,0.999,0.572371,0.835765
20,0.0166236,-0.999,0.367451
21,-0.219504,-0.351957,0.999
22,-0.999,0.832575,-0.286834
23,-0.999,0.0222372,0.672674
24,-0.445456,-0.00919783,0.999
25,0.999,0.115096,0.895235
26,0.516746,-0.579826,-0.999
27,-0.817521,-0.641705,-0.999
28,-0.959993,-0.999,0.491437
29,0.999,-0.758627,0.0878929
30,-0.999,0.456138,0.512269
31,-0.217028,0.340941,0.999
32,-0.792672,0.675801,-0.999
33,0.766286,0.449243,0.999
34,0.681792,0.138418,-0.999
35,-0.574436,-0.705127,-0.999
36,0.475565,-0.13754,-0.999
37,-0.741764,-0.619359,0.999
38,-0.790115,-0.636961,0.999
39,-0.999,0.0737738,-0.130173
40,0.549609,0.999,-0.00778455
41,-0.999,-0.935171,0.0427272
42,-0.104061,-0.179311,-0.999
43,-0.999,-0.895125,-0.954136
44,-0.999,0.170265,0.776507
45,-0.392467,-0.148644,0.999
46,-0.899094,-0.112326,0.999
47,-0.50552,-0.999,-0.730366
48,0.0590577,-0.865263,-0.999
49,-0.726126,-0.999,-0.90192
50,-0.397794,0.949103,-0.999
51,0.573545,-0.999,-0.35139
52,0.999,-0.0912158,0.787938
53,0.884921,0.999,0.285557
54,-0.558654,0.859753,-0.999
55,0.124949,-0.999,-0.983109
56,0.999,-0.113641,-0.233636
57,-0.643803,0.0612452,0.999
58,-0.999,0.263189,0.782812
59,0.464543,-0.824566,0.999
60,-0.999,-0.197292,-0.114838
61,0.337701,-0.999,0.489584
62,-0.565187,-0.999,0.129852
63,-0.999,0.391932,0.0785172
0,-0.999,-0.802343,0.23182
1,-0.999,0.974478,-0.198077
2,-0.780053,0.0321684,-0.999
3,0.514082,-0.999,-0.64709
4,-0.923706,-0.690653,-0.999
5,0.519644,0.999,-0.976648
6,0.914594,0.867788,0.999
7,0.562209,-0.999,0.717335
8,-0.113828,0.999,0.10307
9,0.506413,-0.999,-0.0118711
10,0.0342833,0.999,0.343803
11,-0.999,0.148005,0.189641
12,0.641596,-0.999,-0.562107
13,-0.999,-0.845978,-0.905866
14,-0.999,-0.460451,0.00574619
15,-0.543574,-0.643066,0.999
16,0.999,-0.748419,-0.461618
17,-0.249165,-0.73055,-0.999
18,0.46123,0.999,0.455479
19,0.15032,0.616977,0.999
20,0.999,0.861304,-0.532238
21,-0.999,-0.543333,-0.0177711
22,-0.355617,0.999,-0.696417
23,0.999,0.809452,-0.0262158
24,0.601319,0.999,0.494278
25,-0.999,-0.208833,-0.255141
26,0.528183,0.999,-0.22478
27,-0.969155,-0.999,-0.84625
28,-0.551463,-0.634221,-0.999
29,-0.999,-0.148113,-0.670835
30,0.159288,-0.999,0.13124
31,0.999,0.859029,0.00565815
32,-0.999,0.783978,-0.931997
33,0.743978,0.999,-0.357578
34,0.79068,-0.999,-0.493836
35,-0.483923,-0.999,-0.355577
36,0.999,0.279249,0.564343
37,0.957305,-0.999,0.296009
38,-0.599769,-0.999,0.493636
39,-0.587162,-0.965031,-0.999
40,0.736508,0.272649,-0.999
41,0.999,-0.244887,-0.742357
42,0.999,-0.182986,0.0867189
43,0.251512,0.999,-0.728233
44,-0.341574,-0.00468457,0.999
45,-0.999,-0.695356,0.612054
46,-0.999,-0.391101,0.378723
47,-0.0370358,-0.4652,-0.999
48,0.814011,-0.542693,0.999
49,0.999,-0.576423,-0.0822159
50,-0.999,0.793164,-0.485187
51,0.704344,-0.655713,-0.999
52,0.0126632,-0.999,-0.150713
53,0.305059,-0.999,-0.721196
54,-0.999,0.993967,0.546576
55,0.131041,-0.914461,-0.999
56,-0.999,-0.0222452,-0.662448
57,0.999,0.478797,-0.0997364
58,-0.531083,0.999,0.640961
59,-0.722535,0.90362,-0.999
60,0.715618,0.999,0.182514
61,0.999,-0.903689,0.46385
62,-0.851323,0.761354,0.999
63,0.221463,0.999,0.400208
0,-0.167515,0.999,0.506258
1,0.142894,0.044376,-0.999
2,-0.882806,-0.225074,0.999
3,-0.358035,0.999,-0.0964946
4,-0.999,-0.71528,-0.786473
5,0.490614,0.978303,-0.999
6,0.988355,0.181255,-0.999
7,-0.999,-0.335391,-0.460774
8,0.999,-0.583946,-0.576562
9,0.999,0.117404,0.149733
10,0.916353,-0.999,-0.457689
11,0.934032,-0.999,-0.41435
12,-0.508933,-0.5605,0.999
13,-0.844334,-0.999,-0.759171
14,0.999,-0.308766,0.827405
15,0.0976366,-0.999,0.637616
16,-0.48503,-0.999,-0.605958
17,-0.199077,-0.999,-0.970378
18,0.474222,-0.999,-0.60157
19,-0.999,0.677436,0.776392
20,0.925684,0.999,-0.599315
21,-0.245019,-0.728207,-0.999
22,0.121259,0.874905,-0.999
23,0.515135,0.999,-0.195385
24,0.999,0.614631,0.302047
25,0.295335,-0.418574,-0.999
26,0.542653,-0.999,0.754863
27,-0.999,-0.926116,-0.815178
28,-0.00390244,-0.145301,0.999
29,-0.131756,0.116752,-0.999
30,0.999,0.057898,-0.14532
31,0.667848,0.999,-0.264629
32,-0.584977,0.999,-0.798195
33,0.733414,0.738183,-0.999
34,0.981881,0.999,0.393204
35,-0.293227,-0.377756,0.999
36,0.852856,0.395395,0.999
37,0.999,-0.989435,0.278344
38,-0.037186,0.073985,-0.999
39,-0.573299,-0.999,-0.96972
40,0.999,-0.751374,0.399842
41,0.342984,-0.0183553,-0.999
42,0.07029,-0.186078,0.999
43,0.999,-0.135317,-0.593019
44,0.999,-0.361694,0.54293
45,-0.660465,-0.999,0.396436
46,-0.778601,-0.999,-0.976087
47,0.999,0.71642,-0.402139
48,0.999,-0.463225,0.506528
49,-0.999,-0.0870439,0.867071
50,0.741688,0.342417,0.999
51,0.999,0.120248,0.467111
52,-0.87977,-0.176737,-0.999
53,0.144475,-0.445408,-0.999
54,-0.97916,0.999,0.616055
55,0.268994,0.999,-0.616479
56,0.574569,0.0496998,-0.999
57,-0.347871,0.820924,-0.999
58,0.738395,-0.999,0.256116
59,-0.788737,0.999,-0.887517
60,0.999,0.80042,0.231832
61,-0.999,-0.616013,0.386177
62,-0.890114,0.999,0.881037
63,0.999,0.611111,0.605415
0,0.754696,-0.999,0.81064
1,0.999,-0.65376,-0.397076
2,-0.98556,-0.482316,-0.999
3,-0.999,-0.472462,0.308799
4,-0.35768,-0.922295,0.999
5,-0.999,-0.0844776,0.20011
6,0.999,0.0728702,-0.683411
7,-0.28397,-0.0316542,-0.999
8,0.706247,-0.999,-0.755194
9,0.608785,0.999,0.277493
10,0.999,-0.809435,-0.533694
11,0.999,-0.959822,-0.434962
12,-0.999,-0.37334,0.332265
13,0.999,0.837652,0.990115
14,0.579096,-0.276903,0.999
15,0.999,-0.496694,0.129047
16,-0.999,-0.9117,-0.656045
17,0.172519,0.999,-0.758035
18,0.479119,-0.245524,-0.999
19,0.999,0.782502,0.389549
20,0.487728,0.170497,-0.999
21,0.863448,-0.999,0.445026
22,0.999,0.646234,-0.439586
23,-0.999,0.402334,-0.725106
24,-0.675752,-0.999,-0.505464
25,0.999,-0.532761,-0.593483
26,0.546274,-0.498789,0.999
27,-0.183847,0.999,0.00597131
28,0.543658,0.343619,-0.999
29,0.999,0.462402,-0.569438
30,0.249603,0.999,-0.391841
31,-0.233118,0.61546,-0.999
32,0.999,0.172015,-0.285968
33,0.700542,-0.0733913,0.999
34,0.999,0.809563,0.477266
35,-0.0120184,0.53836,-0.999
36,0.182277,0.92833,-0.999
37,-0.999,-0.541601,-0.548744
38,0.448338,0.999,0.290048
39,0.219212,0.999,0.704112
40,0.935026,-0.999,0.739473
41,-0.999,0.445397,-0.471558
42,-0.999,-0.18964,-0.0535091
43,0.428433,-0.999,-0.489947
44,-0.999,-0.893652,-0.136632
45,0.999,0.495235,-0.661138
46,-0.774711,-0.988253,-0.999
47,0.750118,0.999,-0.258896
48,0.430037,-0.220123,-0.999
49,-0.71908,-0.0185161,0.999
50,0.999,0.275528,0.778603
51,0.891537,0.402287,0.999
52,-0.999,-0.0659595,-0.884582
53,-0.274803,0.999,-0.271052
54,-0.869523,0.965659,0.999
55,0.413039,-0.999,-0.217067
56,0.999,0.0691509,-0.907739
57,-0.999,0.986575,-0.563109
58,0.999,-0.58706,0.17681
59,-0.999,0.691437,-0.531757
60,-0.999,-0.595452,0.578501
61,0.999,-0.328338,0.308504
62,-0.999,0.322962,0.546869
63,-0.498017,-0.134744,0.999
0,0.999,-0.467274,0.891605
1,0.573918,-0.999,-0.0985512
2,-0.999,-0.518467,-0.718075
3,-0.768847,-0.999,0.454101
4,-0.116955,-0.999,0.328432
5,-0.00465631,-0.793426,0.999
6,0.936884,-0.505277,0.999
7,0.999,0.513762,-0.03072
8,0.305041,-0.428816,-0.999
9,-0.275018,-0.999,0.566857
10,0.485814,0.353579,-0.999
11,-0.809363,0.114143,-0.999
12,-0.0177551,0.000640333,-0.999
13,0.988578,0.848031,0.999
14,-0.999,-0.157081,0.349936
15,-0.999,0.616062,-0.997582
16,0.999,-0.572818,-0.850472
17,0.544115,-0.999,-0.545692
18,0.487214,0.999,-0.34038
19,-0.999,0.887567,0.00270614
20,-0.131009,-0.999,-0.432919
21,0.999,-0.965518,0.622916
22,-0.999,0.126043,0.832993
23,-0.212735,0.0926993,-0.999
24,-0.999,-0.686392,-0.661806
25,-0.999,-0.85669,0.556894
26,0.557124,0.999,0.264494
27,0.662151,-0.999,0.858193
28,0.999,0.751089,0.666984
29,-0.761248,0.999,0.0986705
30,-0.999,-0.571934,-0.802908
31,-0.999,0.288999,-0.373069
32,-0.999,-0.870992,0.36006
33,0.66767,-0.884966,-0.999
34,0.886325,-0.368451,0.999
35,0.129685,0.999,0.0083155
36,0.0920965,0.999,-0.730173
37,0.0916455,-0.297264,-0.999
38,0.715743,0.488991,0.999
39,0.359306,0.64563,0.999
40,0.885952,-0.808281,0.999
41,0.607081,0.999,0.159212
42,-0.0365191,-0.192844,-0.999
43,-0.890623,0.999,-0.251662
44,-0.599364,-0.999,-0.272488
45,0.466963,0.974009,-0.999
46,-0.449517,-0.0898318,0.999
47,-0.999,-0.99512,0.748377
48,-0.324916,0.102447,0.999
49,0.999,0.402336,0.182642
50,-0.999,-0.242107,-0.926981
51,0.663797,0.999,-0.130326
52,0.157925,0.999,0.21641
53,-0.854665,-0.999,0.7357
54,-0.2987,0.792072,-0.999
55,0.557084,0.999,0.182344
56,-0.999,0.160547,-0.478927
57,-0.94615,0.999,-0.527783
58,-0.00887257,0.999,-0.12873
59,-0.0893883,-0.632806,0.999
60,-0.419655,-0.999,0.678972
61,-0.999,-0.040662,0.23083
62,-0.78396,-0.999,-0.107074
63,-0.999,-0.384845,0.866687
0,0.670586,0.244602,0.999
1,-0.990357,0.275143,0.999
2,-0.910687,-0.739559,0.999
3,0.0958297,0.982946,0.999
4,0.359934,-0.845062,-0.999
5,0.285076,-0.999,0.765928
6,0.88373,-0.999,-0.441501
7,-0.145659,0.999,0.832502
8,-0.700334,0.999,-0.385543
9,-0.999,0.640777,0.804222
10,0.200577,0.999,-0.73982
11,-0.999,0.22736,-0.939434
12,0.999,0.388536,0.382836
13,0.835973,0.999,0.85426
14,0.999,-0.00539529,-0.471722
15,-0.99471,0.61845,-0.999
16,-0.538376,-0.312194,-0.999
17,0.915711,0.999,-0.333349
18,0.500206,-0.999,0.716669
19,0.999,0.992632,-0.384137
20,-0.999,0.644915,0.36212
21,0.709542,-0.894543,0.999
22,-0.736661,0.0577755,0.999
23,0.999,-0.384881,-0.575004
24,-0.297598,-0.010169,-0.999
25,-0.229018,-0.981462,0.999
26,0.571594,-0.999,-0.71515
27,0.802923,-0.666372,0.999
28,0.907781,0.832539,0.999
29,-0.999,0.926083,0.18929
30,-0.658494,-0.999,-0.914921
31,0.683265,-0.427139,0.999
32,-0.751747,-0.999,0.439966
33,0.66301,-0.999,-0.715657
34,0.825918,-0.999,0.718755
35,0.26919,0.544524,0.999
36,-0.488302,0.537735,0.999
37,0.999,-0.0937662,-0.623168
38,0.999,-0.053157,0.244309
39,0.999,-0.970433,-0.354185
40,0.509411,0.655087,-0.999
41,0.999,0.86332,0.313526
42,0.999,-0.196294,0.0202991
43,-0.999,0.833241,-0.231903
44,0.999,-0.57339,-0.816194
45,0.438081,0.999,-0.980605
46,-0.124323,0.808589,-0.999
47,-0.994717,-0.999,0.750842
48,-0.999,0.390891,-0.78852
49,-0.999,0.891715,-0.766646
50,-0.913419,-0.264268,-0.999
51,0.488419,0.538712,-0.999
52,0.981323,0.240343,0.999
53,-0.999,-0.497978,0.988029
54,0.272123,0.618484,0.999
55,0.701129,-0.999,0.581756
56,0.999,0.251943,-0.0501143
57,0.999,0.504647,0.773045
58,-0.999,-0.561692,-0.429192
59,0.162834,-0.999,0.574265
60,0.999,-0.00767577,0.92517
61,0.999,0.247014,0.153157
62,-0.490334,0.807435,-0.999
63,0.235686,-0.999,0.541248
0,0.322094,0.999,0.883978
1,-0.999,0.282998,0.992228
2,-0.807934,-0.996801,-0.999
3,0.10327,0.999,0.994303
4,0.999,-0.638452,0.783981
5,0.999,-0.489273,0.190814
6,0.863122,-0.80719,-0.999
7,-0.367767,0.904651,0.999
8,-0.999,0.573122,-0.202694
9,-0.840179,0.999,0.856221
10,-0.681493,-0.999,0.0616714
11,0.301986,0.999,-0.53293
12,0.544444,0.561781,0.999
13,-0.999,-0.829327,-0.887097
14,-0.286238,0.0921293,-0.999
15,-0.309278,0.999,-0.612693
16,-0.999,-0.233937,-0.954101
17,0.999,0.545568,-0.285184
18,0.503689,-0.46319,0.999
19,0.858823,0.999,-0.411264
20,-0.811298,0.999,0.533848
21,-0.824935,-0.518294,-0.999
22,0.999,-0.394148,-0.106573
23,-0.562994,-0.999,-0.0288998
24,0.750185,0.999,-0.493793
25,-0.114618,-0.999,0.933166
26,0.575802,-0.417752,-0.999
27,0.999,-0.2007,0.800473
28,0.720235,0.999,0.314317
29,0.999,0.315568,0.948017
30,-0.399862,-0.673862,-0.999
31,0.999,-0.561973,0.74048
32,0.981159,-0.0948309,0.999
33,0.634798,-0.30246,0.999
34,0.634718,0.999,-0.168286
35,0.550399,-0.371593,-0.999
36,-0.999,0.131069,-0.526373
37,-0.999,0.354068,0.203921
38,0.530327,-0.947032,-0.999
39,0.987278,-0.999,-0.378943
40,0.420661,0.999,-0.52784
41,-0.748915,0.259739,0.999
42,0.00274807,-0.199611,0.999
43,0.210678,-0.999,-0.0133761
44,0.458317,-0.429507,-0.999
45,-0.999,-0.295114,-0.0646698
46,-0.0550391,0.999,-0.573108
47,-0.56181,-0.505738,0.999
48,-0.919131,0.425016,-0.999
49,-0.556682,0.999,-0.976694
50,0.999,-0.759743,0.633565
51,0.0852999,-0.519289,0.999
52,0.999,0.223135,0.981226
53,-0.992105,-0.474208,0.999
54,0.842946,0.444897,-0.999
55,0.845174,0.999,0.981168
56,-0.999,0.343339,0.378698
57,0.659456,0.418398,0.999
58,-0.720649,-0.999,-0.513575
59,0.999,0.219773,-0.835495
60,0.56751,0.293628,0.999
61,-0.999,0.534689,0.0754841
62,-0.459034,0.999,-0.903815
63,0.999,-0.618198,0.339789
0,-0.600116,-0.999,0.579596
1,-0.118731,0.999,0.374037
2,-0.806656,-0.999,-0.97414
3,0.975387,-0.999,0.443707
4,0.921452,-0.61342,0.999
5,-0.481301,0.566155,-0.999
6,0.789361,-0.120658,0.999
7,-0.999,0.636085,0.522214
8,0.107915,-0.999,0.47272
9,-0.401035,0.00573647,0.999
10,-0.999,-0.27718,0.351082
11,0.999,0.584458,-0.31483
12,-0.60535,0.999,-0.562108
13,-0.879963,-0.947869,-0.999
14,-0.999,0.14629,-0.705619
15,0.999,0.270182,0.125211
16,0.999,0.104944,-0.759675
17,0.711693,-0.999,-0.121007
18,0.513199,0.999,0.225281
19,-0.999,0.901302,-0.77098
20,-0.301785,0.0351288,0.999
21,-0.999,-0.475368,-0.770939
22,-0.404418,-0.759354,-0.999
23,-0.999,-0.826905,0.123886
24,0.999,0.758153,-0.37334
25,0.999,-0.818381,0.29173
26,0.586065,0.999,-0.304207
27,0.490851,0.999,0.288586
28,0.360221,0.677541,-0.999
29,0.862042,0.273739,0.999
30,0.931616,0.999,-0.560999
31,-0.0299591,-0.999,-0.0993594
32,0.999,-0.0850004,0.992911
33,0.601925,0.509114,-0.999
34,0.455442,-0.875319,-0.999
35,0.743293,-0.999,0.372208
36,-0.840119,0.0047994,-0.999
37,0.925055,0.785113,0.999
38,0.502556,-0.999,-0.925267
39,0.693225,-0.257292,-0.999
40,0.13287,-0.119455,0.999
41,-0.999,0.173036,0.900389
42,-0.999,-0.202948,0.0129109
43,0.999,0.197201,0.129214
44,-0.999,-0.0414313,-0.503244
45,-0.215698,-0.999,0.434227
46,0.200872,0.29199,0.999
47,0.759685,0.999,0.238419
48,-0.164178,0.747586,0.999
49,-0.507605,0.986985,-0.999
50,0.569526,-0.870954,0.999
51,-0.0978604,-0.999,0.0907381
52,-0.328513,-0.999,-0.282107
53,-0.564472,0.999,0.256548
54,0.999,0.397136,-0.449004
55,0.851966,0.904751,0.999
56,0.999,0.434735,0.807511
57,-0.999,-0.00313085,-0.1102
58,0.548828,0.999,-0.898421
59,0.901311,0.361992,-0.999
60,-0.444072,0.999,0.82357
61,0.999,0.822365,-0.00218911
62,-0.134107,-0.999,0.0842962
63,-0.999,0.377759,-0.187109
0,-0.999,-0.132204,0.447611
1,0.999,0.0877646,-0.41162
2,-0.70518,-0.744957,0.999
3,0.999,-0.942585,0.428168
4,0.203838,-0.381777,-0.999
5,-0.999,0.935977,-0.581738
6,0.715599,0.565875,-0.999
7,0.999,-0.213067,-0.985292
8,0.972058,0.229099,0.999
9,0.0436231,-0.999,0.853415
10,-0.435437,0.999,0.863163
11,-0.999,-0.602725,0.309773
12,-0.927868,0.876079,-0.999
13,-0.827613,-0.999,-0.949349
14,0.999,0.297975,0.11604
15,-0.553155,-0.593835,0.999
16,-0.999,0.443825,-0.565248
17,0.340097,0.999,0.0913361
18,0.526191,-0.999,-0.831768
19,0.184456,0.839101,-0.999
20,0.245395,-0.999,0.498386
21,0.360412,-0.142044,0.999
22,-0.999,-0.914339,-0.619848
23,0.999,-0.0396907,0.822776
24,-0.824617,-0.999,0.50595
25,-0.999,-0.494453,-0.858646
26,0.600536,-0.999,0.675436
27,-0.355147,-0.999,-0.563636
28,-0.18734,0.188622,0.999
29,-0.999,-0.294947,0.292255
30,0.999,0.913031,-0.538503
31,-0.999,-0.586055,-0.891109
32,-0.999,0.958007,0.346883
33,0.582043,0.999,0.210107
34,0.443517,-0.999,-0.943674
35,0.831608,-0.711291,0.999
36,-0.16954,-0.528136,0.999
37,0.999,0.801903,0.967991
38,-0.222602,0.384056,0.999
39,0.194768,0.999,0.0537736
40,-0.0937042,-0.999,-0.203848
41,0.999,-0.517248,0.115305
42,0.0310229,-0.206377,-0.999
43,0.469267,0.999,0.224909
44,0.999,0.490527,0.176319
45,0.672606,-0.199625,0.999
46,0.526066,-0.606431,-0.999
47,0.999,0.725181,0.100107
48,0.426579,0.999,-0.565237
49,0.999,0.617905,-0.283067
50,0.0711778,-0.999,0.5738
51,-0.317819,-0.421711,-0.999
52,-0.999,-0.38031,-0.92113
53,0.0153899,-0.999,-0.750205
54,0.585231,0.271309,0.999
55,0.989219,-0.999,0.61842
56,0.10167,0.475762,0.999
57,0.332216,-0.341281,-0.999
58,0.883906,0.471366,-0.999
59,0.463068,0.999,-0.261014
60,-0.999,0.610804,0.72716
61,-0.235351,0.999,-0.0501511
62,0.167009,0.853517,0.999
63,0.249909,0.999,-0.516297
0,-0.476674,0.999,0.275214
1,0.16118,-0.594662,-0.999
2,-0.602427,-0.487715,-0.999
3,0.151495,0.999,-0.106889
4,-0.513776,-0.150135,0.999
5,-0.909204,0.999,-0.509503
6,0.668957,0.999,0.265056
7,0.979496,-0.221352,-0.999
8,0.999,0.26881,0.98195
9,0.927426,0.999,0.564051
10,-0.284843,0.657714,0.999
11,-0.33006,-0.999,0.518789
12,-0.999,0.848587,-0.901064
13,0.999,0.821002,0.784079
14,-0.999,0.44966,0.937698
15,-0.999,-0.842573,0.74716
16,0.999,0.782707,-0.370821
17,-0.0314991,-0.999,0.303679
18,0.528259,-0.680855,-0.999
19,0.999,0.796237,-0.841177
20,0.999,0.428526,-0.192001
21,0.999,0.0147809,0.165794
22,-0.669822,-0.999,-0.410291
23,0.492097,0.15993,0.999
24,-0.999,-0.829913,0.590514
25,-0.753371,-0.45465,-0.999
26,0.60533,-0.336714,0.999
27,-0.788325,0.0245503,-0.999
28,-0.7349,-0.300298,-0.999
29,0.999,-0.905462,-0.466472
30,-0.522725,-0.999,-0.0379184
31,-0.865589,-0.529262,-0.999
32,-0.918517,0.999,0.320872
33,0.569053,0.678311,0.999
34,0.252316,0.999,-0.0566332
35,0.999,-0.162706,-0.198032
36,0.424196,-0.999,-0.770927
37,0.114752,0.999,0.602133
38,-0.545551,0.999,0.141582
39,-0.253243,-0.131046,0.999
40,-0.243671,-0.416177,-0.999
41,-0.399006,-0.999,-0.433746
42,0.999,-0.209602,-0.0461207
43,-0.849788,-0.999,0.463195
44,-0.915505,0.999,0.827157
45,0.999,0.0949938,0.790478
46,0.668523,-0.999,-0.123304
47,-0.515087,-0.999,-0.771319
48,0.590774,0.928844,-0.999
49,-0.999,0.128526,0.66622
50,-0.999,-0.721622,-0.340148
51,-0.720938,0.63629,0.999
52,-0.916123,-0.30395,-0.999
53,0.159265,-0.503008,-0.999
54,0.0144075,0.0977214,-0.999
55,0.999,-0.849391,0.588527
56,-0.999,0.526132,0.762677
57,0.999,-0.510909,-0.552646
58,0.999,0.288557,-0.963806
59,-0.285766,-0.0911782,0.999
60,0.999,-0.785069,0.380491
61,-0.999,0.88896,-0.0798623
62,0.190819,0.999,0.926593
63,0.999,0.625284,-0.714007
0,0.445537,-0.999,-0.0291685
1,-0.336457,-0.999,-0.649522
2,-0.499674,-0.230472,0.999
3,-0.720622,-0.999,-0.657485
4,-0.999,0.00681612,-0.355435
5,0.967259,-0.338884,0.999
6,0.641838,0.746592,0.999
7,-0.853527,-0.999,0.383338
8,0.484504,0.999,0.668017
9,0.999,0.834851,0.54029
10,0.446633,-0.999,0.334346
11,0.999,-0.209093,0.934377
12,0.401179,0.314939,0.999
13,0.819253,0.999,0.954562
14,-0.847427,0.461162,0.999
15,-0.716192,-0.999,0.587771
16,-0.282774,0.999,-0.246153
17,-0.403095,0.999,0.516022
18,0.539183,0.999,-0.110182
19,-0.999,0.691171,-0.454334
20,0.696913,0.999,-0.46838
21,0.104111,0.234205,-0.999
22,0.999,-0.56447,0.652732
23,-0.999,0.747524,0.477333
24,-0.14974,-0.0111402,0.999
25,0.999,-0.170524,0.0100226
26,0.615006,0.999,0.343921
27,-0.999,0.524716,-0.785767
28,-0.999,-0.537007,-0.0311912
29,0.689456,-0.999,-0.583961
30,-0.999,-0.398995,0.119086
31,0.999,0.264917,0.523698
32,0.999,-0.00201434,-0.299146
33,0.536181,-0.133263,-0.999
34,0.0611148,-0.999,0.830408
35,0.886183,0.204826,-0.999
36,0.50104,-0.937929,-0.999
37,-0.999,0.749263,0.140903
38,-0.975531,0.178921,-0.999
39,-0.597743,-0.999,0.271395
40,-0.608069,0.999,0.935536
41,-0.999,-0.791468,-0.66978
42,-0.0647936,-0.213143,0.999
43,-0.999,-0.771357,0.49033
44,-0.999,0.976515,0.855881
45,-0.00668579,0.999,0.149942
46,0.851261,-0.494148,0.999
47,-0.912416,-0.546276,-0.999
48,0.999,0.753994,0.0845675
49,-0.29613,-0.0435454,0.999
50,-0.225632,-0.52136,-0.999
51,-0.859518,0.999,0.311802
52,0.499101,0.999,0.347804
53,0.595252,0.999,-0.242043
54,-0.556416,-0.0758662,0.999
55,0.865736,0.999,0.219008
56,0.999,0.617528,0.333865
57,-0.926435,-0.999,0.734337
58,0.180694,-0.999,-0.715734
59,-0.910029,-0.999,-0.0522379
60,0.691201,-0.999,0.327112
61,0.999,0.601284,-0.157536
62,0.515745,-0.999,-0.061518
63,-0.0860317,0.0846914,-0.999
